ID_REF	Bas	Bmem	Bnv	CD4Tmem	CD4Tnv	CD8Tmem	CD8Tnv	Eos	Mono	NK	Neu	Treg
cg00006459	0.8697896050608921	0.9048248893721972	0.9288700121918455	0.9043515022285076	0.9256830333853285	0.9208816407956886	0.9302097153587484	0.19577228084943024	0.9129069757797702	0.8705412832352464	0.8344101034104767	0.9208522967439777
cg00052246	0.920394417899654	0.8638370146193072	0.9139735519215593	0.7959012263650718	0.9139128641851315	0.8992163033653353	0.9209247418775736	0.9251277152433468	0.950954697805625	0.9298042147344022	0.9428093099958074	0.48114673513220235
cg00322928	0.8778400252011395	0.234254705326994	0.7973804501406355	0.856447887628722	0.8845337803625254	0.8672601740687633	0.8821507781963888	0.871112158098888	0.8683586790193559	0.8623183226049335	0.8665715313032315	0.8680563573947397
cg00351957	0.2903947674539567	0.9480530914806179	0.9545777383030918	0.9335831845449964	0.9540768626781857	0.9417549546262003	0.9569468071971015	0.9192763777227173	0.9378220693917008	0.893869567284342	0.9170629550111674	0.9436244149658766
cg00409021	0.8580162516022861	0.8111958860078173	0.8253285515175612	0.8195432542844685	0.8478029637558062	0.8391405453902503	0.851647121316998	0.849094533139048	0.8709023870707376	0.8747333593447604	0.8682701172937927	0.5572835555028203
cg00434123	0.7452511805071574	0.9030740576896271	0.9066171607460655	0.8877967399158647	0.907506379914866	0.9048816155461397	0.9110346954270827	0.7961467076222125	0.8167348966253968	0.9170519944325187	0.16083882218425702	0.8965938633078093
cg00476430	0.8557802804486335	0.773713893511165	0.2688106006484975	0.8528266806918015	0.8600869294817068	0.8781133388951847	0.8761298686292426	0.873140616955946	0.8916434733799882	0.8882186723351542	0.8918475715618296	0.8571729404214063
cg00597139	0.32060580246506065	0.9568331236696442	0.9616462855770039	0.9590055980421155	0.9615687751540867	0.961575523831333	0.9620129251432005	0.9533945360612323	0.9143941619531687	0.9137642055064046	0.9347605306576137	0.9570209267736903
cg00601124	0.9248929838549628	0.19981484571831434	0.89537482993358	0.9087699778381327	0.9220757652247785	0.9125221149113347	0.9245756348932617	0.9208399852582809	0.9396849901611127	0.9236652318240777	0.9371670201898695	0.9120431919841577
cg00637085	0.9010252860008098	0.9030625402455675	0.9200658143345095	0.903599781594316	0.9192222884937891	0.9210572799863205	0.9248498533228213	0.2922340337789825	0.9201298531424817	0.9088163317172041	0.8358108864337579	0.8928533514933127
cg00639010	0.8048506681026842	0.5271618471822476	0.8622696544160542	0.4498303718873955	0.815174156306375	0.204860374251563	0.7202149956166816	0.822580893198651	0.8438152421941687	0.6265705359740175	0.842668913136854	0.5483999313830673
cg00644351	0.8998888657966297	0.8944311813118045	0.9048122035333745	0.8473316091650103	0.5948655432280916	0.844985676772616	0.1202498077858662	0.9094336743047917	0.945698243499912	0.9270797836983329	0.9151786849526999	0.8765027920713088
cg00678912	0.9125281771598228	0.9110636004042997	0.9134656584705607	0.8537880658224928	0.9092343294129266	0.8397947500799617	0.8990045572195793	0.9118512356273415	0.9186611221980588	0.8958889223329338	0.9168637503677105	0.44711193379450265
cg00771778	0.9035816756216833	0.9101765990747875	0.9082293498833043	0.9061754008365185	0.907641351104244	0.8949918897779893	0.914027878778926	0.9100274132716485	0.15368534463876882	0.939771000758076	0.8782890029987103	0.9087674429508684
cg00783080	0.897213230938942	0.881926276928167	0.8909730983084461	0.5899812805148512	0.8795096474721487	0.890419153743866	0.9029862518972896	0.8996414454587185	0.9126639673930935	0.9113678665981937	0.9053211274713268	0.8506661080578893
cg00790439	0.824858205472974	0.6272399367590925	0.8671020481170717	0.6258082613217485	0.5502702116794942	0.5609750135509752	0.28283736096418577	0.719215833561205	0.801319223226454	0.6812611395016723	0.5447452525231055	0.6684136869395033
cg00843117	0.9206035463021759	0.8521172589031977	0.9273909656490673	0.668792171750936	0.908784820285933	0.847807913359615	0.9203255250276381	0.9347300377703307	0.941711367302556	0.9312640513858822	0.9339644353062355	0.871042930818671
cg00908794	0.898145200846217	0.8818530556531113	0.9048097814378036	0.8984514389429168	0.907565742510827	0.8997893754827925	0.910733030363369	0.862179868577685	0.13026100459103607	0.9429787489079153	0.8657681928191469	0.8986835951928951
cg00944599	0.9190579879228241	0.8174116981356457	0.9063136000050307	0.19249485440979125	0.8138260357577181	0.5471098571179147	0.8653256942297913	0.8247805871663509	0.9350902396840333	0.9233937229958482	0.9168016912021498	0.36730174233602003
cg00949794	0.9192684630307326	0.8319486962216184	0.918166284573235	0.26312384049006277	0.6672402539356345	0.6559113186680094	0.8691521953892323	0.9273213611820035	0.9414930479050224	0.9014728816793145	0.9366701214951351	0.566797084700961
cg00949861	0.8449567546409221	0.8323484207725897	0.873256665681772	0.8562998178158328	0.8818399906068164	0.828757554475942	0.8841460398108951	0.8621099801703755	0.8902411971568406	0.15857116269969454	0.8874151905178981	0.8558607023370514
cg01002223	0.9259052542800065	0.9224829496389241	0.9250350994213813	0.8705264081268547	0.7039808943373599	0.723477563695288	0.2519729057415368	0.930671471832713	0.9446661296676065	0.9215562307803422	0.938879636851539	0.918460365048838
cg01048814	0.9150019141931769	0.9287273205292058	0.928639908364103	0.9222117422758093	0.9265295204594406	0.9266323703550761	0.9308019198291666	0.36293701596914774	0.9244852719684332	0.9061969398187981	0.8646974911147791	0.9233925971204969
cg01355027	0.8932386528424243	0.9012069028805549	0.9327688364939165	0.8923464842942912	0.9307989346106662	0.904805537376443	0.9331161884180226	0.2223533693182985	0.9122388715370326	0.8945870734842252	0.8357736331640271	0.897216201233288
cg01389234	0.905575940874661	0.2094700900380235	0.870364724399386	0.9084970004939945	0.9132109045804038	0.913423104537911	0.9155980797211518	0.9013379329988157	0.9067308918741804	0.9200009056190221	0.9153664311203973	0.9076509087646724
cg01404879	0.8821045853167931	0.9126361160284038	0.9212663841744928	0.9040459232442583	0.9197374587887135	0.9095525677322213	0.9247021158390984	0.2543988852950125	0.9205322248609815	0.9009185540350492	0.8363052282176899	0.899683849491767
cg01407558	0.7693873979623032	0.7356101451517666	0.8364555271618215	0.901544194091221	0.9131166276046759	0.9242041120701773	0.9196591995519938	0.90511601158956	0.15495201344321863	0.927752188941434	0.8527722446548532	0.905181335109941
cg01416168	0.8896165018478764	0.876139521994174	0.8918449543915892	0.8773524296772828	0.8925809434638967	0.8168724136072301	0.9008953882542337	0.8980238220735303	0.9335105577490178	0.21279041669066942	0.9308245955958014	0.8757274454460727
cg01453386	0.30290409447486216	0.9477224432354232	0.9482871475233535	0.9467523306206853	0.9503439695040197	0.954493798068319	0.9552866737095613	0.937471395594442	0.9062892905487933	0.9170664323693286	0.9252724813027228	0.9437503277599291
cg01511347	0.8967582202158105	0.9176198587335822	0.9161955443677653	0.9209888663724559	0.9209055595651868	0.928843820709885	0.9253968346625043	0.250116605035277	0.9090091384296375	0.8914283206994131	0.8748834818991766	0.9170858288756024
cg01699630	0.8985319294190325	0.8852142313555557	0.9044362186484213	0.8742886464835355	0.8964051268769608	0.87635075381493	0.8986619129657548	0.8207074620862576	0.9202314008339251	0.9124795040888234	0.16181024896295396	0.8896103817970543
cg01701207	0.8929061603143665	0.8780375161203652	0.8805507301379752	0.8893083767061021	0.888253037924075	0.9024894153269752	0.8963551032827676	0.8746076069298467	0.8932073151512715	0.9218246620934515	0.18273040519397957	0.8857648422346683
cg01778017	0.9157605018212648	0.9136322786976477	0.9126936777661367	0.8838315292085147	0.351520744313834	0.9052302395250196	0.7125097397212898	0.9238045867910663	0.9405454578242222	0.9060543218490824	0.9438048421118964	0.908958271514081
cg01841368	0.9093409473995093	0.6312075644297295	0.1108470729754612	0.9084347936319918	0.9226306175932931	0.9156563546581578	0.9307048978759218	0.92755963921474	0.9340532402981733	0.9125150830786692	0.9313974497703197	0.919846598094881
cg01842756	0.8914215644558979	0.7812970597025656	0.9061689981643838	0.8612795426720348	0.9020891598367934	0.8539795199339377	0.9046645603572735	0.9038191616252953	0.1561185301783627	0.9221257248593568	0.8727616291506338	0.8373656935806993
cg01850245	0.83324968040264	0.6725714471252408	0.870340846253013	0.6335112186917232	0.8740973621486388	0.24691084551830825	0.8578154578826638	0.8778670313662458	0.8880849103931324	0.8462183482227641	0.8916206551141482	0.7589704042555919
cg01923140	0.814167121874001	0.7270161549874832	0.8575377468946858	0.7418343960666307	0.8596623987406256	0.4336732238357722	0.8601717149915368	0.8451431213494832	0.8267878345327059	0.7707987725173908	0.8524277466405127	0.8100414551847593
cg01923724	0.8891279118279138	0.8330026520510114	0.898600769417444	0.847961592483476	0.8976125083753926	0.8583598064527213	0.897426705654589	0.8439904266306	0.8920663000121558	0.8807094094300544	0.1802497581815763	0.8612541733244526
cg01950767	0.9025542903560421	0.8859075269065434	0.9143193468251695	0.900158605951421	0.9118583203013664	0.9085019555898133	0.9165737712159274	0.9124663657385857	0.1526171171334081	0.9471573778810433	0.8212231558492827	0.9036762440640463
cg01999608	0.6896707238568993	0.9166461296695726	0.9258522810338987	0.6837102276128875	0.48908380574516996	0.908087131201539	0.849865044728061	0.916039132975664	0.9145569624151193	0.9110552606616237	0.9069821396415058	0.8283545922725764
cg02007480	0.7113765080520879	0.7466353741257952	0.8643685348141923	0.7627101585362682	0.8725666728045598	0.7820880295349205	0.8894235208532741	0.8362506253854844	0.11444291116374573	0.8562418158452955	0.8204782909815965	0.7872382578407547
cg02011162	0.9184985394142678	0.21261396532076168	0.8627160518032317	0.8683446886405513	0.9149346950828768	0.9172077248563935	0.9192068648343984	0.8874949723829697	0.9187306212979928	0.9175271210529463	0.9058364021297356	0.9124645158071236
cg02033323	0.9355726872997185	0.9345753399198385	0.9364206990680211	0.8982045724584236	0.9326386527198697	0.9339963067923472	0.9400235730793891	0.9420686925333472	0.952410316400652	0.9337640509033699	0.9356029085230331	0.5468268412311273
cg02038353	0.9164748612156138	0.8251689339806626	0.9077107126696587	0.5422731437046853	0.907392787426541	0.9116976650553837	0.9147163973519834	0.9212478546522496	0.9411693952455625	0.9387139717495898	0.940056987516824	0.8725765432722993
cg02053685	0.8480226574947661	0.8220397196349905	0.8317795260417737	0.8059306924937768	0.7758903140584548	0.8616084488099562	0.4581400765964772	0.8883912309607873	0.909491836648542	0.6870452255020478	0.8908483450466061	0.8889998483741047
cg02105817	0.900250558242761	0.8988530914025921	0.9008470300054853	0.8912890882317428	0.9058184909216745	0.8998702576306152	0.9076756801646951	0.8894259649716835	0.9211969182158369	0.9015110938899278	0.8823238915755706	0.6330088343517583
cg02148547	0.8830325620336739	0.7872609972599466	0.8928997492624857	0.6240846629984058	0.8193791630564856	0.6911273179666483	0.8307648968090089	0.8360594193450426	0.8768419390990633	0.8831053692930027	0.8539704411051731	0.2790793445479997
cg02179849	0.9003606674645179	0.9093699976197795	0.9193083179838051	0.9086697849398088	0.9178978154494508	0.8979651329660878	0.9232301559321205	0.1816133339371065	0.9082815423342295	0.8811183089274224	0.7466336064037337	0.918156013682221
cg02198280	0.9244179895390289	0.2463582481166585	0.8995867111479693	0.9198235142613262	0.9241993829472038	0.9311204648688283	0.926676194855031	0.9271314745807905	0.9283477025898406	0.9298149718620463	0.9167214520845759	0.9238459647348883
cg02203103	0.871588375785242	0.8604996033423347	0.8888790059753935	0.7130531145573284	0.8733300351397452	0.17843257301181076	0.8031076499921411	0.8780509862651757	0.9041921062348219	0.8207069041089611	0.8867339211366277	0.8254559856779436
cg02233915	0.8520153046055833	0.8986891493991274	0.9245578836276993	0.9081572868832805	0.926077541479399	0.9074972881644855	0.9327548288600905	0.20411477281768625	0.8424584833929827	0.8830404938332187	0.8464522746849664	0.9069616020111954
cg02244028	0.8880243498770376	0.8879302560454225	0.9033023098839013	0.8902845713436915	0.8954291447445912	0.8863821682403414	0.9007833916196206	0.900348823766472	0.1727335817373978	0.9130905049890581	0.8825424095103637	0.8877181313499868
cg02290460	0.8584260718474654	0.8854241546972843	0.897490761666369	0.8717719144649942	0.8905812026105379	0.8851275102788423	0.8931047182465633	0.893885936537139	0.19943474072782105	0.8950801182079466	0.8830661631940188	0.8910938135607988
cg02319946	0.8985586658957562	0.8868291616709166	0.8888697076683645	0.8961460248068798	0.8988568780808247	0.6569903230031308	0.9026066237215449	0.90483196354264	0.9288117053041194	0.8843230517389363	0.9115216264274298	0.8957113934473786
cg02329886	0.28357287476852766	0.9351313641719781	0.9413293812660768	0.9316561916970673	0.9319631177132626	0.9359479122661133	0.9380631821756262	0.9233497990994854	0.9087698440438426	0.886233572428788	0.8969725336730027	0.9317650650159996
cg02331158	0.8842012959184821	0.8638841751215897	0.249022575357841	0.897391417331513	0.8983587394302598	0.9100747402242497	0.9114372620948904	0.839034328769839	0.9197323127502209	0.9004839874854943	0.8906269349479691	0.907391160640627
cg02379348	0.8754357127639683	0.8727001649724752	0.8708110056046915	0.8737242686784845	0.8806954174911938	0.8961935782082278	0.8995214801256785	0.874679849089821	0.849127893096626	0.9080692208857762	0.18151661661931448	0.8813077289844133
cg02501773	0.9208257109668015	0.909965880531708	0.9233914075179672	0.6863991126913975	0.9093673350895942	0.8989777238377068	0.9133031156437816	0.9259121312669261	0.9369309159531138	0.8857558382584374	0.934226964555965	0.8563965119363334
cg02522485	0.8924003952783716	0.8593566967911781	0.3731836558370413	0.8779198571170245	0.8899095817700596	0.8974424832712693	0.8988257477359808	0.9042278726023992	0.9192849312749941	0.9149120152812527	0.914631002684346	0.8867806660584283
cg02566312	0.8930126407292688	0.760932514348311	0.20931459692822	0.8904187625823438	0.901786343630258	0.8979271074114232	0.9086510207672127	0.9046373143360025	0.9194310689672215	0.9121236854134	0.9218673536284284	0.8845244168673433
cg02641941	0.8621419389377213	0.7729724399650015	0.35855921353679426	0.861168396405688	0.8648817431296673	0.8801822137488108	0.8805790149471425	0.878889699592075	0.9070995972303265	0.8968017503964513	0.9046092391850955	0.855965554157398
cg02647748	0.8899487311585221	0.8997075204762136	0.9027937653041107	0.8936213686571688	0.8958655605159672	0.897176745666045	0.9028211715341975	0.891027027436039	0.1322245678764449	0.9315830316114146	0.7789669734588739	0.8897469163402724
cg02647842	0.8707729584728386	0.8384884593223331	0.8864438837629197	0.877951429071701	0.8786863930591975	0.893708912304511	0.8995110117066666	0.893399124545696	0.14694736144980955	0.9121773218894507	0.8682020686384399	0.8958446941020847
cg02690807	0.9103380787679775	0.8985643966335743	0.9170598561035608	0.8615607749361768	0.5994808981995382	0.9067371542784898	0.9070375315718217	0.9085637246117483	0.9154416050183745	0.8971139751922619	0.9094140988898366	0.8546469195899592
cg02803925	0.9766240323167424	0.9834306618533767	0.9817541032903672	0.973407696528981	0.9806961592607134	0.979625000573218	0.9815493482221651	0.19157574401730576	0.9798455164368147	0.9741792181838479	0.8165321938979995	0.9779593991860542
cg02826841	0.8875630803271908	0.7962283599319816	0.8900759782685228	0.8248812252988688	0.8901198937927465	0.33767983827647674	0.8812114803461165	0.8970934645898827	0.9253477478489713	0.7154866134939024	0.925150820786997	0.8655600449895061
cg02847139	0.893379244463147	0.8963808000098142	0.8977899981256012	0.8956645579939513	0.9025047734662538	0.904686513922636	0.908040961455899	0.8994289310207382	0.9294534673877369	0.3300213126431506	0.921822986252829	0.8995159733678854
cg02855870	0.886955101065133	0.8849540231218832	0.887311295040788	0.8894003476094935	0.8903199976157881	0.893716667312342	0.8931539518215418	0.8971525595654473	0.9249288522624931	0.2901227747009153	0.9153530843422836	0.8876817227056018
cg02863748	0.38756591213538133	0.9251166095946624	0.93322925514232	0.9231983204360945	0.9320937241514782	0.929519934471373	0.9335153227767398	0.9286942078770113	0.9178610285221271	0.8941223534631018	0.9039720469552903	0.9296901879633329
cg02865554	0.9029508141304121	0.903286938905642	0.9081142987334347	0.8691747282208757	0.895292924772721	0.8879673904072405	0.7212752122500016	0.9027203661902508	0.908553499991822	0.8874056205812462	0.9001437513933727	0.8967649344779423
cg03077364	0.8714538749331675	0.8413653126279713	0.731428319569615	0.8835462457844555	0.7119651271073699	0.8900023320893805	0.3484470906215398	0.8349726958174908	0.9326620905121348	0.8838369342668321	0.8995966554017542	0.8914965729376324
cg03132824	0.9290411192052437	0.9149006513778702	0.9147606188596162	0.8193969393804805	0.41782288455874045	0.9208065927448817	0.9144777835238822	0.9204894719585905	0.9305735155894262	0.9433553950027443	0.9403252459135579	0.8950397383834789
cg03135975	0.8831789803405652	0.8820078776332623	0.9021279081941298	0.8840582826271922	0.9001179550784288	0.898034879985296	0.9055066970193855	0.9107993874174876	0.23703761041146468	0.9129751262159799	0.918389099596231	0.882286259963602
cg03156020	0.8691080603553508	0.8811607269092557	0.9002157847133707	0.6130021857621715	0.2434418255691444	0.8335832806504482	0.7922006407182159	0.90389498183626	0.9279300345087544	0.9072631150702645	0.9300142723274457	0.8609122780715598
cg03217619	0.8972972350239671	0.8998216085178717	0.8966574991636818	0.8646348910368895	0.9024938576817586	0.89520543203987	0.9087424563834119	0.9095415036967925	0.9265730897455192	0.910299324900557	0.9228904666568027	0.5607105679481023
cg03227316	0.31324247662973215	0.9451635594339082	0.946574032915874	0.9424819147467575	0.9455967402576114	0.95113928073753	0.9515969398802909	0.939931102503129	0.9264658257420123	0.8960112839864509	0.9154736883800866	0.9454377872488741
cg03252427	0.9135111571440694	0.8958956413313537	0.905313578077064	0.7087428577322885	0.9082572783966636	0.888637122013678	0.9084827403049761	0.9191530922922313	0.9307778249391375	0.9205119354647324	0.927112379780011	0.8749732192358287
cg03267512	0.9011452997519869	0.8475464318020215	0.8810459591258752	0.82434694572832	0.8957978644833794	0.506567712902194	0.8920900590828925	0.9000261179902227	0.9344960547113288	0.8540324502692791	0.9355524547708992	0.8634145548009288
cg03340102	0.40912710990501105	0.4277656864520875	0.41144015607100476	0.348006720399163	0.1480028236933272	0.4514916239272915	0.4277800244326658	0.41108887850764575	0.4348082690076271	0.46087551496841817	0.42761844932875426	0.4062632790382697
cg03368758	0.8861327187856832	0.8687013120006096	0.8840850133040592	0.8867687878862682	0.8919530351794913	0.892553445567091	0.8878597902723675	0.8811901392667123	0.9055861022620276	0.2878407096420706	0.9005522295710304	0.8838949338621727
cg03370360	0.30657187227760246	0.9262226330987717	0.9261548751554275	0.9288582412376972	0.936306817045601	0.9438826530843965	0.9404506800840018	0.9437968108474657	0.8982335059004986	0.9084020640098718	0.9192657800895602	0.9391582595910183
cg03370491	0.9154885760836261	0.2007960511835655	0.8815574807927075	0.8916233977482302	0.9200541775231759	0.8893362705914678	0.9236537709204766	0.9183273509204165	0.9199321386617855	0.9210924342878695	0.9136146854016732	0.8824451716671686
cg03445419	0.41051545953220364	0.9289466047153122	0.924847448277325	0.9254053976722543	0.9331631779577119	0.9377880213998152	0.9360796834342191	0.9299337575187827	0.9224827090183241	0.8915212427191994	0.9187996972210644	0.9196940424666556
cg03501128	0.9207855021431292	0.9209003276753459	0.9209259379252632	0.878312750572986	0.9216939867576338	0.5981434102355885	0.9210393272801326	0.923189483886818	0.9466137845461019	0.8360273819699284	0.9329010291493436	0.9170087670747069
cg03517570	0.9382818722236497	0.23098034300221515	0.8839345171461462	0.9377163281825367	0.9348813177926146	0.9393021794752208	0.9392648347887486	0.9442212114703294	0.9374454205262616	0.9372291182894751	0.9340982796267948	0.936535387250261
cg03538296	0.8775292651342183	0.8636553836799271	0.8599229814067155	0.869868640734443	0.8777656340535179	0.8296474504439337	0.8821666036403117	0.889885820314852	0.9304457831810949	0.134669004765358	0.9265871942674376	0.8699503692512017
cg03556458	0.8193417268806905	0.7459987529769694	0.8903092631515177	0.8148031479408073	0.8714123053037696	0.77805717560732	0.8488372671309092	0.854244465909977	0.1383120886363662	0.8243925349788987	0.8393022949097748	0.7854094492032146
cg03559700	0.8680155431348147	0.7891289134519783	0.8842527220646198	0.803464117903814	0.8877193160509066	0.7986845435465311	0.8909997921523258	0.887527763890365	0.8997091618213133	0.23512730314002325	0.9035097425776247	0.8215258907445047
cg03565732	0.8986199083616856	0.8889986436405933	0.9069519905425429	0.5416073117235848	0.8629954738582262	0.8029785740033467	0.9002479519022224	0.854284832794831	0.8800057229378045	0.9139177144213415	0.7626994528249463	0.813797053511752
cg03578212	0.9180838574857293	0.2462891299783677	0.9024755096209705	0.914035418816061	0.9214641809668562	0.9210407476555065	0.9261231691293126	0.925174622852931	0.9230673234571545	0.9121903870864607	0.9162640728708947	0.9116837520878569
cg03653880	0.901227039157456	0.28961950203632386	0.892151622499105	0.8948345205534041	0.9059287811456201	0.9066117008575515	0.9130024114434608	0.91316681883302	0.9113096173209804	0.9085948854959115	0.9151774718211124	0.9003917870421474
cg03748473	0.8186524845520505	0.6050603776860234	0.15502297989008973	0.8052409878094633	0.667306436682764	0.8379431626304308	0.7838506498216692	0.8065744401725262	0.8381134560579855	0.7090139820131338	0.8279488964861356	0.8151306774512367
cg03759549	0.28566903233371116	0.903827273457726	0.9253628305808715	0.9202092188680693	0.9273006154406692	0.9272700021936783	0.9297674125516796	0.9032273251863755	0.8758505089351073	0.8919555178287719	0.8910696297332018	0.9224619363259846
cg03833097	0.8684586199748948	0.8672616672208858	0.910734928207199	0.7079655153298998	0.9017063816125486	0.8328732689083795	0.9052784112719229	0.884041190462265	0.8984790483466534	0.8911847522126957	0.8912733678656939	0.35247165254821794
cg03888645	0.9043459699135902	0.9221764156319785	0.9243985635106733	0.9153662765062013	0.7427430667481099	0.92715577259649	0.9237410123582155	0.9365804021963108	0.9387029353815323	0.93262118949474	0.9374380938888626	0.9186305376639673
cg03922997	0.887134269487052	0.8569512131661153	0.8862424545428278	0.8708021027334172	0.8934251354677067	0.8807067092735845	0.8973507383145838	0.9015038176155775	0.9066270200699726	0.8940644585780891	0.9125741296898325	0.5297277298472817
cg03963853	0.9350960693887375	0.9453683453178856	0.946397275700838	0.9382390811413542	0.9408053703189182	0.9346284228392283	0.9263604086144326	0.9472733056814265	0.2261058117302512	0.9497182283189345	0.9538417095584236	0.9366699504262564
cg03984633	0.9076163718280674	0.8800381147362785	0.9191561703132055	0.5517430443535433	0.9129526702432982	0.8465592691730195	0.9094301201787823	0.921865117869857	0.9428785158796802	0.9087553174949093	0.9308457391458993	0.8711201753556064
cg04003505	0.9022595118804944	0.9184625349789345	0.9186837682330508	0.8412050990360772	0.9101607953495787	0.8957536035845955	0.8885974314532602	0.8982523863867062	0.8457257018702801	0.8627605937186045	0.874485551903974	0.40203847269810405
cg04017239	0.8841107331297365	0.8100231812275077	0.8739641706130663	0.7438155115320363	0.8684273307768515	0.4621552312029365	0.8646648035642365	0.8865315838405228	0.9162311283372611	0.8665531028281512	0.90185227236515	0.7915101010044303
cg04036920	0.9124866517312092	0.9132210218614537	0.9129445887682548	0.9041480452555303	0.910782326765036	0.9063737931696579	0.9124576647420186	0.9068957737341035	0.8890129352746382	0.929397677630232	0.2739691005561486	0.9060882287155946
cg04047276	0.8363380302602744	0.8344634634188428	0.8868360430952072	0.808931894834233	0.8464548973030779	0.692084337906	0.3621833423015094	0.83168856422445	0.8807937985308936	0.8611197650758913	0.8606688297036159	0.8810685692650367
cg04062032	0.8930498532002273	0.8603029100317654	0.8985168590112145	0.250422558503526	0.8885848568122308	0.6333983721378482	0.8700412913727774	0.902816771302945	0.9213190384847681	0.8954549489534551	0.9229908014056578	0.5461799296417884
cg04148640	0.9243114681443693	0.934478387220711	0.9334103062638718	0.919100766990625	0.9294971766042976	0.9279686054839807	0.9335911654507093	0.25546693400977927	0.9181670871428108	0.907798589923272	0.8586195795809005	0.91993044014748
cg04179951	0.9074993885216607	0.892165707176772	0.9084882153373157	0.8843603160259798	0.9058245201414538	0.899926902922862	0.9088705280301195	0.8846719266969553	0.9139172101113225	0.9161999177477824	0.2228464024679906	0.898035763445051
cg04200580	0.8952402198863781	0.9062579532545154	0.9140022704013422	0.74206129415485	0.4167550991371078	0.9021284166360235	0.8445698658360696	0.9116978645289318	0.9375359918378675	0.8624872771234102	0.9247287686264793	0.8587637738629753
cg04249416	0.8845678639670195	0.872775974362933	0.9072473892227703	0.8318761903165353	0.4983847348107558	0.67109107449425	0.2699919425317236	0.8990664308782145	0.9116673820024833	0.8809821774742641	0.901049180476276	0.8428004849456624
cg04293820	0.3742270929465892	0.9236076679949373	0.9263883049516017	0.922791723498033	0.9240678627115273	0.933929203174946	0.9312771407418975	0.9212400274543218	0.8929814199038139	0.8973877936843261	0.8864818925109529	0.9276803158839503
cg04311057	0.9183654821023192	0.8568898918589974	0.9207301327500312	0.828963981289935	0.9191028958234837	0.862836536571821	0.9204085791187323	0.921973454349141	0.9398989920191503	0.9329116426972053	0.9279042472193214	0.512850874969654
cg04383721	0.9169740257829938	0.9137076162243941	0.9115910294781527	0.693170455859631	0.8713638772859251	0.886478675243499	0.9181215517702566	0.9243204782256935	0.9272423089718317	0.9325293246747236	0.9334182597734766	0.8868649558890467
cg04394724	0.8785744736621762	0.8638711395094959	0.8738976939775988	0.7411993557965902	0.7641420058438194	0.7249530000411785	0.296731396797077	0.8877902669809105	0.9354070614873681	0.6827650520513803	0.9248387464353137	0.8355939112992603
cg04429341	0.9201601982137375	0.5860079309531178	0.09839831817845188	0.9149786961078532	0.9204742805888685	0.9225174898253528	0.927161524688229	0.9264139947139807	0.9333615630064284	0.9264298549595708	0.9317398415277723	0.9167435157660037
cg04467549	0.913677006112939	0.9123535915035949	0.9140608614959085	0.8910089009856145	0.9073739922942202	0.269066588734275	0.8132805694910438	0.9214607846904578	0.9473319427089418	0.6480081247112243	0.9435912771571329	0.910119188674482
cg04496578	0.9164444402072425	0.6470774541584123	0.0847854559721861	0.9154799798555633	0.9198604005523567	0.9214043320695018	0.9214794212812866	0.9232323848791305	0.9043597680051912	0.9417251424707137	0.9248016409145096	0.9125673493139367
cg04500050	0.3654305242331657	0.9353859282669242	0.9365568627064298	0.9417072808132573	0.9421314300602297	0.9461878445092062	0.9462481899622996	0.9375590240565532	0.9269958935389954	0.9022762465303407	0.9097450543233809	0.9397415095275167
cg04625250	0.792545855977533	0.8045033552616719	0.868867402838162	0.704520210897233	0.3462232116562748	0.847263338745893	0.8020863084827052	0.8225880124976772	0.9117107987242005	0.8737100795079866	0.8850370677903744	0.6753264749892763
cg04657000	0.863013962867832	0.8198990894977931	0.9031622473300458	0.558345968504518	0.8948628399708097	0.2546633912226355	0.8310558523382217	0.8950327855918098	0.9450245539261583	0.536867852302789	0.9094069474643897	0.706417942262943
cg04682832	0.8829642182365635	0.8958486636697841	0.914401183906637	0.8975303992643585	0.9104991403188251	0.9085745459584762	0.9116472403554139	0.8031241347581758	0.8872818035826462	0.9165751964225418	0.2246736288813138	0.896632705308496
cg04705866	0.7511718683062715	0.6690922790210584	0.74610533351357	0.742217392191046	0.7694552422247625	0.5151862206034342	0.7853668644913424	0.8137886822433833	0.8174041162742621	0.7846671803480876	0.837382579575528	0.770145885631496
cg04737115	0.8982143693142834	0.8921907077456125	0.895309281009528	0.9008609847927247	0.8984822816569507	0.892326742214764	0.9025066812675606	0.9061380699519482	0.9311632973178517	0.2798966940949692	0.9318923107948809	0.899802290411592
cg04763150	0.2653056886148433	0.924920970511722	0.939802553616217	0.9204994964889963	0.9374313031347544	0.9297933066740972	0.9397521974467387	0.9137695224014772	0.8957979397513932	0.8902723676865657	0.8983301687517243	0.9344008966524973
cg04851465	0.875871627845588	0.8705501196983172	0.8742408850850137	0.8765893654005933	0.8778777001413374	0.8823876897095402	0.8760299211691434	0.864673791768933	0.23569135166107652	0.9168620552458091	0.8525300835968017	0.872207028098738
cg04887735	0.8764947253178207	0.8407755059709219	0.8514311619852197	0.863903973757491	0.6511157425447169	0.8834920761643983	0.8193652316627436	0.8897825319615058	0.9078273747269837	0.8994410728742468	0.9054038257018978	0.8694229759012053
cg04923194	0.9050345730000021	0.23799348681459698	0.8775518733734737	0.900192228476314	0.914266129232384	0.9101448042799032	0.9188604344896181	0.9079531295404257	0.9145779553354489	0.916499530616715	0.8983396814375201	0.8875838624048363
cg04928784	0.9150335424068174	0.8796317615632218	0.9065566327071377	0.858289023919568	0.7997868154865664	0.8332269259132055	0.5619809445593358	0.9186021109007054	0.9265510298703202	0.9108560045801113	0.9145947245970235	0.8821830609697674
cg04982372	0.8961614756416371	0.6372260128528283	0.07908120947166922	0.8971085251654033	0.9191032853038974	0.892405527854959	0.923295590769925	0.9281256596488985	0.9375044956837416	0.922549494487732	0.9325070720895873	0.8636486972757697
cg04987479	0.9226021360445681	0.2561698131688845	0.9071351445084452	0.923790503526187	0.9289776475127611	0.9080434037148517	0.9320503865361754	0.928475322252242	0.9347725241150744	0.8828887893716415	0.9323800141029248	0.930955973243775
cg04988216	0.4109783105881479	0.9364092379663592	0.9347142609177858	0.9375740100099282	0.940149309013439	0.9425365495043561	0.9429172825802018	0.937605492746963	0.9097096481933726	0.898839183137962	0.9217994164377733	0.9364027409300147
cg05022030	0.9416470425939781	0.202444052150162	0.8834638018718043	0.941737033206781	0.9439353075735776	0.9282163500703132	0.9463000519748153	0.9456441066646527	0.9493723721125152	0.9462886985050384	0.9605084077554977	0.9371846586441444
cg05036909	0.9192106489770785	0.788048054547119	0.9078242940271988	0.7016812907625333	0.9112707183659186	0.439395368820596	0.8861876774300622	0.9229799396088882	0.941309217660574	0.8584616506929162	0.9404629197740643	0.8470834790211517
cg05065075	0.9027454590329539	0.8963217747656144	0.9027456008091412	0.898494194996805	0.9021759689478536	0.8985605296081353	0.9086255684412701	0.90141666652055	0.2222694764619204	0.9317515763915208	0.8762788377077381	0.898777935471367
cg05089849	0.894584850188644	0.8750001800712207	0.89581576134948	0.8939092034643085	0.9083601776107286	0.9000786185978072	0.9144321564427861	0.3530364391990233	0.9178742186728641	0.9134048869558103	0.8451222595080777	0.8801926651885074
cg05106785	0.8604160658154645	0.766329960117031	0.86965233993619	0.6417249870071502	0.846911812835358	0.7154848847722133	0.8552561256749815	0.8639658917145827	0.8662540002829597	0.8527509247497097	0.8382395809393093	0.22757559178623132
cg05170732	0.8980914728518202	0.8809511215636828	0.9011795898112149	0.8642303735615555	0.9011771573340756	0.8503421067693485	0.9012913668505742	0.8944244910592047	0.7914947398571321	0.9291808158152428	0.16516656927415543	0.863108856393635
cg05294459	0.9555521720363115	0.17240942068206833	0.9074388988656952	0.9460659179368073	0.9507449723855934	0.9396172122114278	0.950452525042764	0.9564057733446221	0.9580476028593288	0.9447066375684233	0.9526203413433079	0.9352420770811913
cg05355684	0.8963002813197215	0.8985285160483228	0.9067442986182608	0.876472270697599	0.8982423181827686	0.860864965381395	0.901866684708223	0.9029237165786835	0.9357807767340506	0.19210877648205354	0.9205675476631762	0.8724774037262777
cg05401393	0.8965505889534864	0.7933961776575118	0.877941197677365	0.59964036413205	0.8857825928613663	0.8376819188045672	0.8835380920815566	0.901058967867959	0.9272865785057707	0.9176499802862986	0.9245405401871937	0.8314291287429216
cg05471842	0.8869080571246317	0.8348538229465795	0.8751654160987663	0.8127608952793445	0.8858944836843758	0.4808701430825775	0.8770575610899713	0.8814447194267769	0.9043057259059516	0.884626039018302	0.9069181965686436	0.818773919122458
cg05478809	0.896884038726799	0.8804415827631896	0.8894562669063755	0.89033162423864	0.8922475876828706	0.8511117897873185	0.458389133549148	0.900183864293273	0.9206355144838354	0.9131364777944657	0.9105037750406108	0.8947795579792944
cg05484949	0.9516153255135077	0.8436849029894317	0.15641781429857804	0.9493199954982467	0.9504885389318692	0.9517720320713517	0.9528892743989792	0.9510479108326787	0.9702866467077825	0.9715731783538288	0.9619481290903762	0.9444972527967487
cg05487307	0.8998770408262877	0.882449161134817	0.9123574795055933	0.6751230338712257	0.8983814673843122	0.8700964634066025	0.9042852118079177	0.9037936734457426	0.9160428903910013	0.9240138804513611	0.9091997051630657	0.267165964158861
cg05501327	0.9322113344664068	0.9315334454985867	0.932309796958241	0.8716066125976141	0.9303890980877092	0.9334312543535365	0.9335799272848085	0.9372296870534462	0.9458623133400753	0.930949747865753	0.9335119081545137	0.40534346525276765
cg05508074	0.8732090045035914	0.8857037935274933	0.8969444070824347	0.8852588321282118	0.8971686165225027	0.8862424752875078	0.9031447491089416	0.898986375077233	0.9224216256113501	0.3376868238192262	0.9113042458277834	0.8830585451615249
cg05596912	0.8662781450480219	0.8539383622882174	0.8628940460496267	0.6892621945320008	0.8648354799703052	0.8845169545211985	0.8880172729287643	0.8824398194250833	0.9144294943306845	0.8977381795847252	0.9047155016826757	0.833904629514747
cg05676874	0.887335068142968	0.826139605009763	0.9090701612453422	0.6457170895445787	0.3219427966271236	0.7111641314940793	0.7974276454842825	0.8928480508791182	0.9337491344016744	0.7918021172329321	0.9138550512749907	0.7161852894143811
cg05689028	0.8925133756761663	0.8749070318382287	0.8862706362383125	0.8764752528030092	0.8884952591336072	0.7089322269937173	0.8953174633223092	0.8973980628895327	0.9099062896681631	0.8751959291706696	0.9149811738684627	0.8829110793746366
cg05690666	0.28963810947018404	0.9363773266258716	0.9388364953364712	0.9276127358395208	0.9388909939852119	0.9360546623871102	0.942269380369879	0.940487952200784	0.9347120354105427	0.80360153219975	0.9184849734441763	0.934397853604076
cg05736642	0.9306921411784576	0.9385986009695646	0.9393642576344425	0.9328631125757315	0.9348939587906531	0.939522408090314	0.9393465786150781	0.2173536378838715	0.9328644357795862	0.9263254679244598	0.78224754304737	0.93621974609755
cg05785919	0.9275769070213934	0.26342541484636417	0.9177168788345885	0.9268825314389433	0.9289591476308647	0.9292316624519374	0.9312630391956134	0.9293947702149989	0.9290960347787667	0.9218217126897519	0.9315981079587078	0.9218855099759947
cg05810879	0.9166743598756861	0.8741162533597441	0.3448393523992975	0.9135323789935436	0.9147679863936305	0.9217609206177957	0.9174249542636354	0.9191733395568042	0.9424707132691257	0.9351620487344151	0.9379842834196719	0.9125506697734727
cg05816398	0.7679065402984088	0.62688530416647	0.1157596847290489	0.8485616045566923	0.8823988833219311	0.8853723787810778	0.8954792016787891	0.8365019393417967	0.8868728573589707	0.8846420570336566	0.8893938771849155	0.8010711678914694
cg05840984	0.8903317503274728	0.9151368585795524	0.9195563887792133	0.9183568888184065	0.9194372533714577	0.9291729212686838	0.92829818973697	0.23786115584673775	0.9184677417953064	0.8850020098522794	0.8636007002262898	0.9270788600894866
cg05847670	0.34064889971408685	0.9327726667854973	0.9416795673756913	0.934884127689346	0.9416150443575907	0.938228564897588	0.9435060437314725	0.9276474713980722	0.9198782667390922	0.8953146610262929	0.9113355136312524	0.9361651876298053
cg05875239	0.9135852594704242	0.8844352915477133	0.8845417753137637	0.9108911476356595	0.9109613856127682	0.8893722655034837	0.9050520172381609	0.9087684139951863	0.9472237019204116	0.10552791725224024	0.9445616940100053	0.8910886841250893
cg05892024	0.8574824562944303	0.7651558703636128	0.8579151929746393	0.7833496901323185	0.8587797752547489	0.29078270655496774	0.8442985386367144	0.864044271194599	0.8847331210449422	0.8397681777262515	0.8689641519143296	0.8412684336477277
cg05906696	0.8890811016800919	0.9126630787455327	0.910135069606196	0.916384570948224	0.9175786263697694	0.92017719220886	0.9208966075586874	0.23272555802579226	0.9301764586093865	0.7866014163503225	0.8504096920429638	0.9158419474603403
cg05923857	0.8231968336472874	0.9115962484086975	0.935343896880621	0.826984960486801	0.7938789473172476	0.8270793962532099	0.8754857323546128	0.8350176549351247	0.11028272092747247	0.9364804592912449	0.8051312640426631	0.8701549303827664
cg05931551	0.8927093681927781	0.8379291506981796	0.8924156868273541	0.732809857807415	0.370922501416767	0.8631660138078641	0.865078378154996	0.9017034407996285	0.9189974757131568	0.9105119890296802	0.9173743385018606	0.7738633957980176
cg05956380	0.9173743238824702	0.9160241679362087	0.9196303905037633	0.9157818151914012	0.9183546351704038	0.9253188202362662	0.9230906027088931	0.8991154763215418	0.9334378009597034	0.9404264730142238	0.19524570458549842	0.9159573689800551
cg05982017	0.9080290769516046	0.9044331570110374	0.9095046100381707	0.874870000103393	0.9048465846470988	0.5602508204417462	0.8941004036547137	0.9069842154134453	0.936122371340362	0.8892545083524339	0.9309972695728587	0.9028329280714557
cg06016162	0.9151442106963699	0.8666841022962707	0.300442895880463	0.9098071108196	0.9082948719987096	0.91458953856479	0.9104666052338415	0.92122923460185	0.9451175200255598	0.9003892099461052	0.9320865321513957	0.9108965379767603
cg06026449	0.8608958219519663	0.727998190298922	0.8953712632640503	0.7232694799107138	0.8926972400551698	0.8388995081511438	0.8945550255504926	0.8767585104037108	0.9112207729334987	0.8824404458493573	0.8836393409456971	0.322361715914943
cg06264696	0.8977561380207462	0.275141616627441	0.8983019987223823	0.8860299772752392	0.9176630744503331	0.8883161213052805	0.9194204997181235	0.9106930909838873	0.9191361589526554	0.8828252933447654	0.8870219041810662	0.8826730977990244
cg06338239	0.8873889198887936	0.893995133181038	0.904475328281387	0.7196634891781201	0.4268325606012956	0.8955074284910988	0.7082015577518213	0.9093699498864625	0.8981101666733514	0.9099299433479485	0.9081460310067563	0.8689435151872921
cg06419846	0.9629028480998475	0.9604959270609257	0.9662680191000448	0.9453549436571728	0.9303728278590386	0.5914583612174715	0.257772576769359	0.964362631754163	0.9753190897305767	0.9629420398759674	0.9621980399761455	0.93885883208017
cg06421734	0.9049842310337012	0.9333943386952991	0.9330567815919613	0.9141513778280818	0.9371530937595816	0.9396490583128025	0.9401850830549477	0.233120029378613	0.9247407902746516	0.93270702276841	0.8664613476991637	0.9360751488328329
cg06500418	0.8959734520714729	0.8903349420663118	0.89994365370783	0.8707114760413025	0.8997067461157384	0.8970031632807608	0.9062463375982727	0.8896945290711668	0.8661067644326826	0.9186125847441813	0.16054618167511484	0.881933446498855
cg06527889	0.9148579963260778	0.9198647317647204	0.924077354503948	0.4984771231575805	0.7660914024399336	0.913045858931424	0.9182759232027727	0.9258750909557785	0.9369963117531249	0.9297675205300051	0.9293594689185211	0.8416001057247336
cg06636137	0.9058676147475829	0.90493266156289	0.9067956265502417	0.9042206588267327	0.9030156316282392	0.9096876003716512	0.9066422857908248	0.9113638387847287	0.19395624078741755	0.933359350830014	0.9119192395701515	0.8983313744455903
cg06658453	0.2741709104774755	0.9305280939455725	0.9356067025349946	0.9274786345629455	0.936196603092774	0.9300059412063735	0.938122660308823	0.906334590485654	0.8971536496446748	0.9066039731877898	0.8881530368918719	0.9319798672649021
cg06681449	0.8986842412761744	0.5815603421309558	0.15437040877408179	0.9100208623794538	0.9122018289828728	0.9101423479100235	0.9079374873751724	0.9151498325887877	0.8986360637137996	0.922713740463001	0.8951092067721774	0.9048589118621077
cg06738507	0.8404822347487816	0.6259700050546738	0.15801266633579714	0.825879830125926	0.8007391290968705	0.8330707681249955	0.8144962681656953	0.8477891308107217	0.8727131560851622	0.8554470300230689	0.8569708921549588	0.8117108722679577
cg07003611	0.9051285320850982	0.8861046466357378	0.90354504134476	0.89051074167474	0.9041398977793792	0.9126466266534735	0.9129410803339046	0.9137122755762925	0.9210706698429363	0.9156961549920977	0.9261063331272048	0.601673275510225
cg07008893	0.9281427644811564	0.2586379838039705	0.9044690189527165	0.9122745260560362	0.9275826260253733	0.928843868975488	0.929681696910633	0.9299417338354697	0.9431642684346504	0.9262539981190832	0.9394399081756656	0.9194001161769213
cg07033790	0.9139767216093594	0.9235636912876214	0.9283503185279105	0.9257694008180668	0.9299252770082338	0.9307947626198545	0.934777951048013	0.2891068973300565	0.9195382964932378	0.8843480071947238	0.8491349131525571	0.922676476306608
cg07076850	0.8582915331014053	0.8255320011301904	0.1522599733351222	0.8738520625983185	0.8462890638651664	0.8533745087740603	0.8553130267859592	0.8348619120524517	0.834969843010886	0.8548399213296889	0.791203753923689	0.8833956924165243
cg07084675	0.8965770531032283	0.26122100314086366	0.874668155313222	0.882012410219436	0.8953370545306155	0.8884917293809368	0.904372291934415	0.9008161954131213	0.9125213783380844	0.9062291300492784	0.901152668935104	0.8873934237460451
cg07094228	0.8467181624520825	0.7880867771843648	0.19243986099606075	0.8446575306199288	0.8142548813630313	0.8651143078640398	0.8583000562604788	0.868600353171238	0.8811846490593315	0.8742178219637193	0.849470359598277	0.8712259926761222
cg07373578	0.8941955058961146	0.814738399643056	0.227289079252485	0.8882831211428628	0.8946036060585119	0.8917537476960495	0.8952109101029556	0.8957878347423688	0.91380798049335	0.9045616408634416	0.903429793703055	0.8858339129435454
cg07390370	0.8438511974973585	0.615938293750029	0.1289023528038076	0.8355957924283457	0.8396929202143081	0.8352550378469995	0.8488397053788901	0.8777513466662658	0.8628447224928834	0.8013941562906647	0.8412050293029765	0.8525761388101863
cg07461115	0.8816069709639424	0.719129275860679	0.879407032694301	0.6790183341482322	0.8585980561923691	0.7849307617986747	0.8135012224660233	0.8934525333520925	0.9056033862318159	0.9005417036828292	0.9110649325122945	0.27189357585932034
cg07526731	0.8926582751748784	0.7901491077801865	0.15180634241813948	0.9017825326863672	0.9060789470178996	0.9127557624392802	0.910344722904329	0.9085804160861487	0.9238254886273265	0.833229020980949	0.9214563737900933	0.9056309300940314
cg07543798	0.9126858385695901	0.9120499026082673	0.9116014911179762	0.9079734643375661	0.908021421499563	0.9163292487902325	0.9147704899606033	0.9223787358258895	0.945033605681351	0.3588673924556146	0.937199383513322	0.9095100996817127
cg07610771	0.9023057383364859	0.21187693680651784	0.8767171878020008	0.8913940629107405	0.907597587530512	0.8928964045895947	0.9121416070017494	0.902434532826625	0.9035443852231348	0.8967223201374221	0.8925917344815093	0.8773294100750203
cg07617198	0.881968393746431	0.9088180428327971	0.9149025124547913	0.9084059750127198	0.9104488303672061	0.9090332420408668	0.9170456150282892	0.9063378682028855	0.12611602375827646	0.9341697472821455	0.8590989116146056	0.9124075970147935
cg07619820	0.8902845532136549	0.882536293257482	0.8881581805201205	0.8863598964033053	0.8949711232262706	0.8921079146307478	0.8964876265493299	0.844483403496475	0.9040882217064581	0.9143523767313868	0.14669140222240565	0.8845915505975803
cg07627628	0.916642849266954	0.9129813026389596	0.9167259961266327	0.3018700999789903	0.6307668990818145	0.5772556765559506	0.7293585841493244	0.9215124157182065	0.9388107589830302	0.8997221033367732	0.9178390876966729	0.5545163665520076
cg07661702	0.9171205339208067	0.8696869495477649	0.9175336201694653	0.7766539718855987	0.9152129628432943	0.4247380133372875	0.8938281126607988	0.9205633553218222	0.9395793579001882	0.8613074164797598	0.9361609729060496	0.8100728704603141
cg07702659	0.8698445243557679	0.8669240378184112	0.8647870965611935	0.805016245856234	0.852886193349758	0.7265644353329812	0.28568541916238777	0.8861850638577196	0.8969082041616343	0.8781437948928172	0.8990468993958288	0.807433964979805
cg07707056	0.9224005328392871	0.9195628955144391	0.9194386754374	0.9155671866237868	0.9100617277708747	0.850175653932859	0.4826750858826874	0.9180556991361652	0.9359277974734366	0.9186012011302072	0.9291918848594646	0.9199510115517159
cg07728865	0.89557856911732	0.8317714778298008	0.9083697344258145	0.378254685814085	0.10969541287885128	0.8026688585135855	0.3594025609629704	0.8979558864190275	0.9240965182087808	0.8012391629519453	0.8961028088227222	0.5818886691678443
cg07756788	0.86585568610723	0.703225535862617	0.8929068844192	0.49220548382822626	0.44411786865135944	0.5345525534590693	0.2095956867017552	0.888455387780916	0.8777116383618232	0.7817329659238587	0.8879104904891036	0.5377279697358697
cg07833643	0.9172607728124782	0.9005342140795194	0.916073194803713	0.8646474618179848	0.917390293081529	0.914591857019414	0.9220731316242938	0.9100864165465528	0.9208011252284547	0.9258175795048936	0.9020080594973693	0.5462753676873954
cg07880190	0.8809435972794182	0.8745742955953594	0.8870834570265935	0.6105445638999245	0.8900241259208744	0.8774202343800646	0.8985025986451538	0.8990312335617987	0.9014678080849073	0.9138922844715232	0.8988221961665911	0.7991204723552143
cg07896398	0.3398500260764133	0.9285299797744497	0.9356409161199702	0.9172895110698007	0.932999360383163	0.933371770736882	0.9362253512662152	0.88607791969358	0.8883603998675093	0.8706084409561173	0.8517266442516038	0.924278768517901
cg07993518	0.8822836187201776	0.8758544780606327	0.9014241678581052	0.8611991564436137	0.8940956631702068	0.8561064080648928	0.9002543330581598	0.7180384043006175	0.8491084196007321	0.8982110086795801	0.13676367824346478	0.863514557820584
cg08012294	0.889333924004679	0.9003235974456555	0.9123772173330382	0.3873950896950065	0.8551433521820376	0.9002921358749411	0.9161344288113314	0.9217798513275844	0.9028308895057834	0.9238376307102405	0.923274458909266	0.7307332951337716
cg08077807	0.7997102120137355	0.9291540123005589	0.9306046119344445	0.9167499113898203	0.9292986340012523	0.9155536941526254	0.931271294519885	0.194434992310705	0.9308999958613601	0.7823901094816973	0.8706428969905552	0.9124489133128284
cg08091050	0.8556683371324584	0.850122782649037	0.8854523645006065	0.8771256320183676	0.8856929155800047	0.8870608968363553	0.8869266108436271	0.8649455225670922	0.8510974805881627	0.8858131220695926	0.23041542667952628	0.862982709967798
cg08097676	0.8835389442532996	0.845153650672653	0.8974730712690457	0.861569495428694	0.8846946636078273	0.8790738775510203	0.8862960471304714	0.8899424628407122	0.18257729146027896	0.9196110773506918	0.8862730565295162	0.8811642428877641
cg08218512	0.9160420836871587	0.9236007810457297	0.9263367267730043	0.9183424542200684	0.9249053316248462	0.9185104139804683	0.9285698860090174	0.8924759693580555	0.9355130391880345	0.9291350442710679	0.23982140627171933	0.9212243238943733
cg08243981	0.8509671784787655	0.48091044559368396	0.8466762238166325	0.553390408840892	0.8357236433326964	0.22705351048807676	0.7767745416963121	0.6718081365831232	0.8461287886874748	0.6440775837593858	0.8328227962846202	0.5862174915425741
cg08326410	0.8964472693019198	0.8964583057105298	0.8989911389199985	0.885966657466327	0.8953382446171178	0.847467675151917	0.8998113862461421	0.9106527833748987	0.9392948525042996	0.19138352526961583	0.9324207230632616	0.8982889127467503
cg08337454	0.9202449097112732	0.8994080867309294	0.9241318658601687	0.8571122344348098	0.9188436745896968	0.894334965746988	0.9215553095986975	0.9255105242596052	0.9380444008486635	0.9130801878731611	0.9128726132554187	0.5349494322743144
cg08358686	0.9160239478947448	0.9070715905545379	0.9256318003937125	0.799428680651848	0.9183918473580583	0.8426447933813415	0.9232485314638739	0.903334075431742	0.9298671299157824	0.913905813669736	0.9043258927222165	0.45362568609872705
cg08437936	0.9011883388178518	0.7470189806276442	0.181468168798668	0.8999197741032819	0.84375613164823	0.8904452996571023	0.8961654561091293	0.9052247015935487	0.928163807636098	0.9120542559399599	0.9073441096774394	0.9014300320242192
cg08445080	0.9286215863825557	0.9171465651292229	0.9280278643393017	0.894371403835891	0.9252163127504984	0.9162431754941656	0.9294124647003104	0.9328753973611963	0.9392158585801305	0.9302065882891876	0.9381074698038864	0.5012251293349407
cg08446606	0.2523873834577955	0.9370329003957796	0.9438921160019428	0.9323179163489618	0.936043062470217	0.9413885477770753	0.9227657775341077	0.8656903635305595	0.9179990434686375	0.873947192719639	0.9071888588544792	0.9380074535211204
cg08452021	0.8617802115793447	0.6848774064223532	0.8835057887338827	0.6848534867978392	0.30748530944902364	0.7212162072641373	0.6558325309502662	0.8780960978967532	0.9039489042377139	0.8457379689960943	0.8968638712678811	0.758296218626771
cg08483099	0.8716351505900137	0.861927887780999	0.8972112935768165	0.4216094410486545	0.0900445363734373	0.6516067881878129	0.3880573286459688	0.8868343742870974	0.9129672495576133	0.8982640196999496	0.8940242051777995	0.6415171073684997
cg08486432	0.8665160108171733	0.8729352178416238	0.862681747549168	0.7551913372771912	0.4048042525591578	0.8845627457610182	0.7910531820695128	0.8864095221037602	0.8819170513708361	0.8904443828872399	0.8811561504341804	0.8245662938010224
cg08530578	0.8661824360006131	0.8715374992919673	0.8552564964404883	0.8770672765785162	0.8757883140044298	0.8816792151666275	0.8907595380054097	0.8658088090247268	0.9138175499939103	0.23880529112009352	0.8991862129366761	0.8825651199028134
cg08538069	0.83894740170853	0.8968746108331643	0.9304287913811258	0.8719532206972865	0.926695719997755	0.8833064244990605	0.9254524923393326	0.18246067840009675	0.9257278235143503	0.8884054278539487	0.8146621876562472	0.8789684943699526
cg08657911	0.9003915020596113	0.8899002153264481	0.8976925727938605	0.7829016267951567	0.890369211158178	0.493528001679397	0.8933524096110851	0.9035219928436388	0.920854783346842	0.8926141237002149	0.9168424442478011	0.8240916659707587
cg08662013	0.9178765530124985	0.859619113678595	0.9225114829576813	0.7390936932532642	0.47239642873826926	0.8602774716975492	0.9088734697095893	0.9153705650924425	0.939888950905532	0.8989987723362758	0.9230229861290343	0.8233484422930374
cg08765214	0.32058631560428935	0.9492598291894215	0.9496795471570032	0.9402609882590103	0.9484993417641515	0.944946592165263	0.9496740376663422	0.8927676122893388	0.9190534081456899	0.8866620024844689	0.8979270868415311	0.9459447160743357
cg08771884	0.8960879305300694	0.8763981330132732	0.910613630058191	0.8681882750340397	0.9039571736912734	0.8343739991599199	0.9026823749091959	0.7587492485641003	0.8087393482728472	0.904050609876139	0.204883169153976	0.9046443646817081
cg08842268	0.8783328786372856	0.9263887318379834	0.9172928993301415	0.8779442732653042	0.648969661201657	0.927607385150376	0.9158575856601656	0.8945050036689	0.9189465303429452	0.8780138332536394	0.9120982203517717	0.8946235619182614
cg08844422	0.8893308753519324	0.9060901804406924	0.911155355833131	0.8976007056884769	0.9078795999298797	0.8896692020759309	0.9103018074414176	0.9040768924893072	0.15432290803335647	0.9292635495110797	0.8626891772137896	0.8984960157958143
cg08888548	0.8052873806938599	0.8797597125741191	0.8957210884058722	0.761500859174802	0.8948519344049369	0.7942195050544892	0.9018925308208162	0.8727111155619718	0.8671605225274773	0.8939297675143173	0.9032535817317225	0.34409153954926897
cg08907176	0.9058195123017952	0.9029076966628758	0.9022843628606467	0.8981131048223612	0.9041709058508381	0.89704914249319	0.9117844193005983	0.8687395203998537	0.929750722261786	0.344925953059606	0.9184561800428281	0.9051189595637089
cg08965078	0.8414865389854261	0.8232883095945609	0.8770000744998075	0.8528110611968145	0.8691717434073671	0.8380145742818857	0.8704969149824754	0.8843490203198517	0.15187609701895657	0.872191575622842	0.854947355397022	0.86198891944235
cg09010228	0.8643711236088077	0.8400706085962556	0.9238858652803195	0.9029472416067172	0.9235307316865778	0.9029918384385167	0.9280156866795342	0.20750659905516525	0.8268976970225504	0.8946459194424579	0.7307203029672734	0.9130147055642263
cg09031281	0.9139935447036637	0.893249395233814	0.9180636567938115	0.5999944921618563	0.905063988000246	0.8985753840419917	0.9169733599071648	0.928848390970008	0.9429892384042052	0.9245966396021069	0.928315950125305	0.8387458397434807
cg09119854	0.8735807911657142	0.8452427813474458	0.8774933366037034	0.8570228087081988	0.530479522059831	0.8797685409956517	0.872756644164532	0.8846680462590287	0.8745033930889342	0.8836849832381317	0.8675699036916534	0.8756296869911857
cg09134152	0.8616582400982468	0.8377085861980555	0.882226494092454	0.8456289098430085	0.864337078998496	0.8452154323039852	0.8689179626337573	0.8541739586569322	0.8875483912534449	0.2936064217639029	0.9004999214658002	0.8581056331949001
cg09304968	0.8898069337101902	0.8922217785038177	0.9027426368210212	0.8894361546641215	0.896656857996839	0.8862578382181955	0.903944288885705	0.9130727241277234	0.9262642244489029	0.28413710871558717	0.9197021465422869	0.8875678091075407
cg09438865	0.8338939195601561	0.7959970170578128	0.797057103144923	0.796069449195892	0.5508411796762482	0.8435752783827133	0.787643805209973	0.8306211836271318	0.8593965292839703	0.8661391236177136	0.8654929592446976	0.7791486043339777
cg09488807	0.9261339425111103	0.239447304007914	0.885370716071588	0.9178141713134675	0.924722068395249	0.919539586048076	0.9262304626041219	0.9286316749090537	0.9347086459753965	0.9208430766472728	0.9439725066545641	0.9158553258963803
cg09592164	0.8903473752448678	0.8471106216438634	0.8915989379677725	0.87185461449709	0.8930342767932611	0.8822804257691566	0.8978415768860618	0.8980307196028583	0.17191105762063474	0.8916550474638871	0.9317782576833885	0.8740808014750634
cg09596645	0.9075450625545721	0.8692467902432736	0.915780024638616	0.8942527220463945	0.915849173480759	0.8992237852896485	0.9234148541221122	0.2139146813241815	0.9279096275962613	0.8927823145829883	0.8513506081010854	0.873811660661946
cg09601944	0.8937239909912561	0.9027161318947509	0.9042395200240577	0.887663058684819	0.9050659499690272	0.8813423437898738	0.9045069315163381	0.8213678171042875	0.7882966425591591	0.911503675245657	0.16319155004563968	0.8957526195666103
cg09622285	0.3976616308224488	0.9116120998781367	0.9199164502521447	0.908208073601672	0.9209666591431886	0.9180553901593063	0.925875996635191	0.9146785760542158	0.9075743446525585	0.8869697364484086	0.9289701905232262	0.911021298229641
cg09622624	0.8939303359240025	0.864432431724214	0.9027951770016032	0.8449764409536893	0.8991785963213607	0.847636321750377	0.9008272144357339	0.8914431069540065	0.8988332510206565	0.9126837523706641	0.20083224028070315	0.8348556127703676
cg09629758	0.3401815312374687	0.9393096609262223	0.9441199659955817	0.9333728950180993	0.9450292729868449	0.9412858794245182	0.9483643274280247	0.9379929258473257	0.8979609569459231	0.8741326427731311	0.9370944345937572	0.9282580621754013
cg09681537	0.7563987326727831	0.7682042959424417	0.14639435664499276	0.8244187396066313	0.8486385747643782	0.860809663260977	0.8626847571958495	0.8652369457220808	0.7515796498921126	0.7138403897000236	0.7965110213821393	0.867420406612495
cg09766370	0.8599303269402171	0.8920297760457078	0.8975708225364087	0.569637519634852	0.8949340833356416	0.8367673003345715	0.895994430266357	0.8983339558819148	0.9225283376971284	0.909505086784382	0.9158972369279764	0.8818225834540326
cg09799856	0.887983489031063	0.8941538973767535	0.9072793834725442	0.8990023708014283	0.8058210799255038	0.8802956652440105	0.5716327709272874	0.8477660860785563	0.9058172832222202	0.7720713204940987	0.8866273192344624	0.8942578496041141
cg09803743	0.9293706508127136	0.9005025129154444	0.9321758391272083	0.9137653344754002	0.9294759855147994	0.904991975441294	0.932200531200651	0.20352378585947575	0.9290978219636663	0.9125454855038461	0.765145195252621	0.9110373110288473
cg09856271	0.8766417952223978	0.7824305918491059	0.8648550491386869	0.7831037052925816	0.8729159432703867	0.457167796650417	0.875218068426485	0.874525588317179	0.9007663768753896	0.8355455087972047	0.90438354087695	0.8038591810562896
cg09932794	0.8932966377992592	0.8871599792711575	0.9016704369685292	0.8877302671095875	0.8994087224441978	0.859482465382719	0.898426704233281	0.9061300493857558	0.9232784712716368	0.24073421670015566	0.9166576880702871	0.8902077576632917
cg09940675	0.2535587972120173	0.8001239580145194	0.915665792881454	0.8689235367381543	0.8975582816317813	0.8859544748605568	0.9115868054106919	0.8917219021542645	0.9078264548052881	0.773619291145047	0.8771993314859499	0.8783332645711166
cg10161198	0.9092668138637917	0.8952060423502605	0.902764717898806	0.888468094607426	0.679577524821883	0.9269793167688916	0.9145968985631854	0.9168417738833317	0.9198056460467484	0.9352985700029184	0.9366289510763272	0.9107534642533727
cg10164437	0.9108382023577352	0.17426471170196767	0.838520509722815	0.8529696060144518	0.9138315992072643	0.8685352240644828	0.9114676176249796	0.9166971362594635	0.9344875815126179	0.9072150778512723	0.9282813277992563	0.8727883736044163
cg10168351	0.9037620238577017	0.9164433325308036	0.9176191974895953	0.886516542525522	0.5660612476348488	0.924422136982476	0.9244763925229631	0.9145626124010988	0.9351063556325717	0.9242249662875904	0.9341161167375681	0.9170847304426477
cg10206039	0.8798747302383555	0.885708476185839	0.8897723733811127	0.8888170256102155	0.8929408764481875	0.8965561929627625	0.9052241874857774	0.9002151831235813	0.9194771093148695	0.29866439879789813	0.9150953443903164	0.8992231570491364
cg10208609	0.8600816616309154	0.8020396585299134	0.8635229642878439	0.7805925706658577	0.8824802629499857	0.8881075661637192	0.8898577674513752	0.8775661999094968	0.9049299069055298	0.8971707827563634	0.9042201714604176	0.4137508321741266
cg10220104	0.8593079535647327	0.9393084572626874	0.9451654211391483	0.9232253364414335	0.9420652490583865	0.9215059373552033	0.9436699146825243	0.23839195465069948	0.9278582981919947	0.8847258824999953	0.8542764319587938	0.9152293026945023
cg10220401	0.8977055001581283	0.9017680123670941	0.9066157888229457	0.8562039266978285	0.9013785793164366	0.5801467818297102	0.9031619235276859	0.900959206037385	0.918221331155426	0.84172494906401	0.9082267281544903	0.885636134340768
cg10287321	0.9084050325231151	0.18327014041309533	0.8712077977665585	0.8981529976464647	0.908348709687567	0.905550737524919	0.905082619918641	0.9146122248899717	0.922325160318885	0.9068048416950247	0.9202720367002087	0.880819323370054
cg10419892	0.9231900109737844	0.7733752399700563	0.9212708985831493	0.7944234964667902	0.9236201212012816	0.9126983717473732	0.9241665662115193	0.9249418847460705	0.9316208093542648	0.932749034602673	0.9313329661145083	0.367326791600167
cg10478600	0.8957808372089348	0.8272556290026966	0.18183581207978824	0.8896569272185852	0.895483937290817	0.8996117592962295	0.9049042400941187	0.905795504021149	0.911168768993139	0.911989671204806	0.9059243741879595	0.8934786184109521
cg10480329	0.9049491332252216	0.8889841702882153	0.9040789077339922	0.9045487510920057	0.9051538324210288	0.910376591973742	0.9139396607611282	0.8865800360853082	0.1293723851235559	0.9433078149442921	0.87091226406096	0.9062742612698801
cg10583651	0.86788949457749	0.8458806110825492	0.8938939999554925	0.29293221731933927	0.758704194741303	0.5816483277642295	0.8682884360239168	0.8804668662433752	0.8865852695733714	0.8480354580167274	0.8947685244705826	0.721600658630044
cg10587583	0.8931309401140058	0.8270636236207238	0.877392448128522	0.8728803170607162	0.8790370129008386	0.885224083033309	0.3946469737975164	0.8991776103958703	0.9021713865678133	0.8719157536375276	0.905503968690022	0.8414294702884756
cg10624395	0.8723499751307351	0.8151764531282498	0.9047309918904922	0.870038766825499	0.9104935608907796	0.8920443514669798	0.9165464335596883	0.8985767849053132	0.17501694838525214	0.9285240415742004	0.9209952876840122	0.8748996405684576
cg10651616	0.8877350198580273	0.8892465446225701	0.8993723211385243	0.6983740514594002	0.8850623394999475	0.318803147206925	0.8655489456247544	0.9051244146420547	0.9298404708567578	0.888265134559093	0.9240748332177088	0.8865328964183797
cg10751207	0.8970741135683286	0.15783637626976132	0.8250272226279765	0.8897604015157234	0.9179797783237291	0.8656816892446132	0.9185345364444052	0.9066561348373315	0.9345465531812771	0.797354382628727	0.9012950998909316	0.9128762937353837
cg10809134	0.88047683460666	0.7165907171798613	0.15086522131888574	0.7322247526711723	0.883432389432742	0.7014846175576945	0.8802297779923236	0.8926869727472873	0.9126891681572229	0.855677382069088	0.8974684314300708	0.7354542508061149
cg10934870	0.8807058800612572	0.8452413691986042	0.8743170766290025	0.8530859313674195	0.863047170657539	0.867221733544443	0.8812039999105364	0.8885547782709358	0.8768898110524936	0.9133857274854684	0.16493632496351332	0.8654110000449117
cg11020586	0.9129906142648165	0.9098503678190869	0.9156402364281238	0.902134612204855	0.8812157727429947	0.9108848362587361	0.6266588280472583	0.913606086442609	0.9345358919810529	0.9081045682454224	0.915453051384055	0.9092647888789163
cg11037382	0.8630329710180469	0.8027343108504467	0.8844437366480232	0.7561620923817233	0.4191483629435284	0.8538195504346575	0.6656737014327405	0.8458500018966958	0.888539392396074	0.8543900833422453	0.8708010573104795	0.7669366951908719
cg11183587	0.799346044797716	0.6501171367306586	0.8819535006914028	0.7365366686578593	0.8921915400024021	0.7847160701147757	0.886068860936699	0.8223763490912225	0.09747192299042538	0.8334649804083902	0.7844848548050517	0.7991956916747797
cg11249120	0.8661004072892154	0.8475336908649304	0.8520988090672648	0.7767536982200542	0.858534809197107	0.3457676109268535	0.8642164364245615	0.8650659745076402	0.8961266365046804	0.7358259803370739	0.9003559664043892	0.7881503445017767
cg11262246	0.8813558336256241	0.9090500886509872	0.9123856196432343	0.9165084600507496	0.9191928279243962	0.9228762099527947	0.924552724042025	0.20111118470149075	0.9222729271165613	0.9017487818880727	0.728727384745809	0.9144841541140566
cg11294011	0.269304047393132	0.961587681928469	0.9573773538293215	0.9534883593816398	0.9565126545073408	0.956990501259846	0.9566037424516377	0.9565088849536842	0.9311531993144411	0.8954696427561822	0.9307062991007705	0.9452296738985223
cg11518040	0.888012687146296	0.8171349334403352	0.30395114728182226	0.8959582153393082	0.8939792945721077	0.9031644239599688	0.8968581354830366	0.9100487409616955	0.9082699664739535	0.9153040998396091	0.910541967252337	0.8954590872963027
cg11523325	0.8980693789836236	0.8744171052570501	0.8970078538385362	0.893696248144736	0.7371663100551408	0.911476881045364	0.8811934428213444	0.9115876790216222	0.9289042183320165	0.921326928910576	0.9151443541778397	0.8999540208506374
cg11620863	0.875732373321629	0.8615140817345353	0.8684659532972162	0.874848983921828	0.8801710588145768	0.8825500661837132	0.8848374952779345	0.878920779831161	0.17698471294382076	0.9086169260357323	0.8608952334429656	0.854709854654851
cg11649969	0.9177725595352942	0.9415702513175642	0.940298841896404	0.9302085963197447	0.937635724860519	0.9392933511522937	0.938930266149044	0.2093196084059195	0.8950408214353854	0.9164046375385387	0.8309227067549577	0.9375687588826097
cg11668148	0.9000592524444399	0.8927746335269752	0.9076737413590595	0.8594181191162168	0.9008115455715876	0.8725454826598462	0.9038903759001082	0.194536258257269	0.8956900889583995	0.8822566651200375	0.8007371195699619	0.868180101483928
cg11693925	0.9009067162372998	0.8700425055978828	0.8962162102799853	0.866171243826322	0.9009727802588341	0.6178647237474688	0.8967250102501516	0.8881923480615558	0.9236577029578751	0.858182496399149	0.8949242352859126	0.868061556662645
cg11749308	0.8971970287305665	0.846040195379711	0.9105988801147722	0.6869206688373918	0.9028971766125606	0.395083161771524	0.8635784139626862	0.9062143929993475	0.9199076065666971	0.8066363107442767	0.9187232160974959	0.8722625216884667
cg11778706	0.9247216853411852	0.9224159814625127	0.9217735169834638	0.8524765347980635	0.5343161217381698	0.9179926305732522	0.862478929596841	0.9356472763011265	0.9438023099236623	0.9346992596729338	0.9366526483608393	0.920530008165198
cg11812782	0.6392631349424963	0.6633677493818708	0.1822247587436295	0.7995948617364748	0.7860770082240328	0.8484638244479288	0.8241407668356653	0.9260166312678033	0.9241561822208815	0.7888224220608662	0.9011223311638346	0.7984319816738571
cg11840035	0.9056781778147197	0.8993015815154405	0.903661325299303	0.8625795014468365	0.47914313660885305	0.884471580722851	0.771518902844451	0.9136306929902307	0.9359303481476281	0.8964865644086096	0.9256189098447144	0.882437196297973
cg11887733	0.8774816043898058	0.8291707431795436	0.8687725296183928	0.4317793799324175	0.7066047851619888	0.7902131629504773	0.8719198558377392	0.8911127066259013	0.9159216006392207	0.8993283242101496	0.9102778233584704	0.787999673540155
cg11892665	0.30007583345447014	0.9433846420951485	0.9433206124480492	0.9396229930876222	0.9428370272115707	0.950206276863738	0.9491282558292609	0.9446791282687715	0.9148985017103809	0.9056844537026191	0.9269655473545133	0.9388442047004967
cg11963313	0.9084143250876621	0.23749913548401233	0.86599379916284	0.8932010278185017	0.9197460664864398	0.8870065271815173	0.9207934289153433	0.9092166278539265	0.9167578310082448	0.9040545244005793	0.9304477476442016	0.8978706323850513
cg11985063	0.3572148414891252	0.9446335983374277	0.944210388751612	0.9424388984848637	0.9460740521929708	0.9529782240282725	0.9528241340894364	0.937391301744757	0.920367460288185	0.9150501138241982	0.9234600094399482	0.948591999926183
cg12043508	0.7306414160301449	0.7121780901493587	0.8173591040574895	0.8446351970571583	0.8511653527769978	0.8178876705662494	0.4086681027757518	0.7714596882542045	0.759111172898804	0.6713136587420777	0.7442055545410966	0.857820043861477
cg12047375	0.9135312708323533	0.8669122458794268	0.9060526634439625	0.20262425287557576	0.5392793930909427	0.6711944712050633	0.896174339637445	0.9238044974727128	0.9333125972770234	0.8551196981532774	0.8794415407670856	0.5344427103489656
cg12087639	0.301410999146083	0.9417088303763613	0.943970768481217	0.9419998688011783	0.9419547704221787	0.9441523137595169	0.9435365361310628	0.9354991130488317	0.9158617789947491	0.8845152641023517	0.9175010904088635	0.9396958343467597
cg12152193	0.6617068590239071	0.6571980900938018	0.6945459678729633	0.6264263996829655	0.6470724561534758	0.5756000390208305	0.2428256686730112	0.6332535879209393	0.6946129151023595	0.6030927906786484	0.6277364997521367	0.6139663364288014
cg12270000	0.9184371380379751	0.21297647797046415	0.8950809926937128	0.8701889174987443	0.9146324335969229	0.8855503979672663	0.918146136306758	0.9186643488356432	0.942591765799281	0.939490156812967	0.9351578602773934	0.8927153583694403
cg12497611	0.9132317206240158	0.9106372044048484	0.9194810450885238	0.7072562522666678	0.9178969723548651	0.8968437781850828	0.9213046209901499	0.920697008037875	0.9339069365367717	0.9199954574559358	0.9300238846545286	0.8876719988732913
cg12578084	0.8865958751481527	0.9075777438785404	0.8902870398815177	0.902117094179783	0.9025197267915818	0.90950237345431	0.9060788483748187	0.9056198291866727	0.8400680689895704	0.9413159956758097	0.22436547466753445	0.899067218419734
cg12695059	0.9169011272333711	0.9192759815618899	0.9236070862511938	0.8587387791666883	0.8846101719208465	0.5158187753066255	0.8625216480264871	0.923066882096522	0.9361778071378635	0.8662440420785252	0.9273312012940393	0.8769092293547419
cg12733242	0.8647892779440592	0.8580065804123258	0.8701982511739312	0.5632516768670173	0.8356184661071856	0.7905232001705753	0.8355218628976788	0.8698374262369535	0.9038143921400493	0.8952087324545713	0.8716721414800181	0.8145479052259347
cg12742224	0.8900474897387686	0.8735196068460717	0.8867570241858913	0.8840083459804863	0.8894972161245702	0.8689094209571739	0.5930455215574196	0.8938132628356388	0.9183945679744777	0.8668864046814206	0.905812802856917	0.88146604058691
cg12761472	0.803873217277912	0.7783233031342078	0.8176563415965697	0.4208351432763495	0.701055370977558	0.7117030024228648	0.696754915169379	0.8691434409660755	0.8658551815658547	0.7117307916971799	0.8434457474014673	0.7055684974163327
cg12851731	0.8853844966702815	0.8829040108524101	0.8818109111754373	0.886333896500302	0.8879500413453734	0.887786450560028	0.8907728645601821	0.892705022354545	0.9211804513477229	0.3190928723578928	0.9113609725487358	0.8787156021725143
cg12882261	0.9144564754375059	0.8076229517093964	0.9142841227518618	0.7731478936794105	0.9122473026422426	0.8566730124582762	0.9135652129160732	0.9201803354418078	0.9362039537148142	0.9303877719048488	0.9322890028631642	0.2977530732997057
cg12910830	0.8773792986978437	0.9035753655603399	0.9014306593628865	0.9121882594685887	0.9132286888305984	0.9213222061756372	0.9193589495292602	0.23213740850707149	0.915626257321999	0.9076183455796558	0.8235028081583482	0.9083249537230563
cg12973514	0.9231786619674698	0.9162318030488139	0.924095929197582	0.9194665209707218	0.92110052291219	0.9108068114469929	0.924637800013128	0.9255669613808755	0.9477839148576405	0.39046515620279343	0.9481051940941926	0.9237352716122299
cg13123707	0.8599908090454377	0.9262301325809252	0.9299413391837306	0.9238147041085765	0.9346136525547711	0.9326159884086375	0.9381308383396684	0.21996196351459374	0.9190680049187346	0.9085454168255614	0.839144101184989	0.9274337302540073
cg13155300	0.9068157462877885	0.9048064270705058	0.9147717142369333	0.9023002828925955	0.9094053985115895	0.9088830891924797	0.907085084053975	0.8419439946462233	0.9190159003428843	0.9263269547136271	0.17884769380465051	0.9014653682017014
cg13211380	0.8581473426197048	0.8695697100295363	0.8749514325953007	0.7004195537943457	0.875558032800831	0.260389315469728	0.8428197699503237	0.855555168363002	0.8865545236599005	0.7117105746064453	0.8809155660517805	0.859002181831377
cg13257250	0.9105301205992719	0.8962093799391265	0.8807220575835223	0.8995124093320173	0.906010756805677	0.8372720103412634	0.9045789379564578	0.9152141315004827	0.9477337288503711	0.2522481551838768	0.9413762256459313	0.9104226764414727
cg13429555	0.9074203125447508	0.8123309726842737	0.1751065831952125	0.9027290097556805	0.9026549172477376	0.9093077227458125	0.9116406972269442	0.91693182025691	0.935420490423708	0.9266132648375539	0.9267948013231396	0.9028112663763089
cg13452923	0.907182498616309	0.650717421769065	0.8977728080045863	0.6141119326088778	0.8822889828396352	0.27618933970696	0.8159632128195271	0.9117616941292898	0.9405163367316075	0.6804571055213244	0.9353087841053002	0.6796665802279667
cg13468144	0.9048669909838778	0.8995014298506541	0.897248795516338	0.8506739329267818	0.8899824026485611	0.8928564338812974	0.9001007383840856	0.8505414265739623	0.9391814403126729	0.9225605353604219	0.13430145733394855	0.8893774044419107
cg13475329	0.8767415076250838	0.8596559156408051	0.8694056327696615	0.8241714937391192	0.8742138205590269	0.3369733956519125	0.8657372708572961	0.8829690039824273	0.9130880985685472	0.715952589947892	0.918514931013542	0.8712756226228656
cg13477627	0.9147868350057734	0.9020017108605334	0.9175472565946403	0.866097919029144	0.9157974894644809	0.8979977907317193	0.9177793557715421	0.9102003912908903	0.9346082005888825	0.8637403990823165	0.9040057794105465	0.5310045307022423
cg13487687	0.8629378237610795	0.8893960150942944	0.8855555629543423	0.8861265733319502	0.8287186136007803	0.8317080035059707	0.4604553478475344	0.8925328409728746	0.9283099598564998	0.875896128077672	0.9184476764045523	0.8889859421553523
cg13531735	0.878600736927436	0.9343361987973782	0.9355483027803455	0.930326458424863	0.9340079535036514	0.935188342504808	0.9323281486815125	0.22706084985338276	0.8064068137342264	0.9283453876310672	0.8527847285221339	0.9308298248270309
cg13539891	0.8952137989827449	0.8812026296032545	0.903129350424227	0.6888521169890913	0.8854549274431915	0.8379110949304445	0.8949061504325548	0.9050550567867508	0.9251529911729264	0.9095190730709961	0.9253920101911461	0.8537230854403424
cg13598219	0.8894459720834074	0.9102405197985703	0.9215060056853898	0.9165488403401715	0.9201301709685239	0.8982077127128505	0.9232371598267616	0.8893468514431305	0.9304838379163752	0.3628670788375678	0.9211330133630624	0.920753413211323
cg13617280	0.9112118905728658	0.9190552598375533	0.9292798474455493	0.9294041450751878	0.9298438723038249	0.910999169598619	0.9267850189291991	0.926051432560951	0.9672667046498042	0.12514099661535172	0.931319182694216	0.9131435093465013
cg13641221	0.9145663255729368	0.908202472395011	0.912758025973544	0.7880718563904283	0.9087719010030428	0.916187539070611	0.9166646277870963	0.9217602111768672	0.9312943285450669	0.9230529712150057	0.9313705020018785	0.902137396710568
cg13680246	0.9055265638144805	0.877284232589831	0.8957115169447497	0.6291513827524228	0.8960958599931402	0.8751364429818055	0.9023230683685511	0.9115169989874318	0.9268610171959036	0.9178319481377493	0.914960806441686	0.8436332462441357
cg13693582	0.8930392181478944	0.8884869886770637	0.8986125058196065	0.8539932400764355	0.735821892762508	0.87367095252354	0.2980825511271976	0.7892668166442715	0.9394466042393628	0.911318324098325	0.6232540966846375	0.888336768219403
cg13745692	0.8904301150483481	0.8662375953425879	0.8149655174703178	0.6662011291462313	0.287855786714701	0.9031216056155973	0.8527250453422186	0.8918954486679648	0.9032783585037459	0.8992635720361614	0.8890931892226326	0.7975209279253855
cg13918228	0.8303297187476767	0.8912843614986312	0.214953548077604	0.8984704264555048	0.8297572933627947	0.9112266514657665	0.9026641682724822	0.9081329820130137	0.9284672724918394	0.9104044337295362	0.9207538441809789	0.9094699987777216
cg14027234	0.656799519647047	0.6738316853423382	0.6898007234458687	0.720551464624384	0.7155606259016853	0.58899997409633	0.2588393230288124	0.6333292535419408	0.6947305138570443	0.7238681562828516	0.6804431993258632	0.7497478328055026
cg14030593	0.3754565780140637	0.9514019796458534	0.9520310760154672	0.9472452797618482	0.9513062022448668	0.9546313928579495	0.9539517034918547	0.9335109261600241	0.9271973170794235	0.920664191244955	0.9236381302409669	0.949664612545071
cg14047092	0.893783404842604	0.8921648587742007	0.8927681795585533	0.8621231056618952	0.8873716921865744	0.7744290880307423	0.8871596996806573	0.8977962861303107	0.9345696099073778	0.15227989770870243	0.9225419321762615	0.8696751837178596
cg14058851	0.6999253086150142	0.9037550330574987	0.8669634299412086	0.898023895369672	0.8981555953180026	0.8842914943500375	0.9005835210285318	0.8352774550498395	0.8380558870372096	0.16505621218899383	0.7918282108163793	0.8993172813248607
cg14084609	0.9256612816896245	0.9259364988784601	0.9377126037348458	0.9163238518265747	0.9353777943818666	0.9356613559809037	0.9435059327738486	0.2783057576482595	0.9401904773830385	0.9044688265575356	0.8683323362504911	0.921192930064366
cg14095525	0.8748134068326815	0.7698077873614384	0.18466995065194575	0.90843212110871	0.9107114067444779	0.9111090646967328	0.9132045973710342	0.9024996218958672	0.8955819163390818	0.8784130769870349	0.908912307567639	0.9015854035643143
cg14095610	0.9252476068446409	0.9200123375431803	0.921166371069618	0.9156316901732653	0.9220777263213524	0.920875028104471	0.9236903667961196	0.9106766165934375	0.9369445763378524	0.9439923073227401	0.29241272252749	0.917099714467429
cg14110920	0.8989682522227156	0.869197223546147	0.911423413229471	0.731743236140844	0.6649022820214199	0.699794552904722	0.3946081194571588	0.9087109834716007	0.919469069905897	0.8531320593207907	0.9130883842952175	0.8074312969142973
cg14116399	0.9046099206376056	0.9005407832153507	0.9072191514161015	0.9013164668901837	0.9073946312344366	0.9080303535678	0.914186691719288	0.908759277619474	0.2693576135503176	0.9290638327613203	0.878271253445174	0.9072056182360391
cg14172797	0.8927607090608284	0.8727697759545725	0.9016694557365472	0.8628334955821403	0.9019377228453823	0.8877821171645782	0.9076655254175364	0.8956096625917882	0.17491222612686277	0.9364727955616289	0.8748594077577087	0.8656499355350853
cg14257017	0.3243266223034585	0.9268331515221933	0.9319185894147742	0.9229025028545628	0.9310219268289449	0.9311280338296325	0.9347926711041309	0.9160359541330605	0.9161440059045827	0.8872864426124115	0.9134441704114744	0.923880562803382
cg14458725	0.883482738425752	0.7882650413683506	0.8505129728680655	0.8767994074932844	0.8942752047185454	0.8773493711881765	0.8978968498742471	0.844542493303874	0.23490738805782316	0.9081822350172756	0.8749007054953698	0.8745500367739941
cg14495399	0.8937384845231628	0.24920633314640717	0.873234556919041	0.8754217052280733	0.8919039853517698	0.878526749848719	0.8995959072821822	0.897482895829251	0.8831473085252454	0.8730570138053725	0.9114499865587448	0.884748002736922
cg14511575	0.9029392968772401	0.21076619217341083	0.8599426927541838	0.8977615859355643	0.9039007093168536	0.907230984682722	0.9089059264579505	0.9071292229207942	0.824101465144937	0.9103501641227038	0.9212174211178802	0.8936563900544409
cg14563201	0.8833875053897734	0.844675949425576	0.8793335089162595	0.871993576280181	0.8835143187265156	0.8583626041887648	0.8862217087494647	0.8908105269244253	0.9340299439249602	0.21379343339059836	0.9261888007411451	0.8630217393642896
cg14668581	0.878993661471274	0.8226113479718808	0.1366201604713997	0.8913460408982365	0.9027965633325536	0.8950295179542003	0.9050597718226457	0.906464107287366	0.9320490317302863	0.9137079224029441	0.9242472197704084	0.887718406530024
cg14733637	0.9162107890583674	0.19584154970816334	0.8708235211372383	0.8896808312842023	0.9104434451108097	0.8939055169925643	0.9011906475656672	0.9156517087941782	0.924881778301835	0.9247799973301516	0.9310149140941429	0.866182916116781
cg14806960	0.815544690363477	0.71469644183466	0.838645669282156	0.8167467998195617	0.900136506790656	0.8164664386043783	0.9039452478651706	0.8243546448594947	0.1755747248960229	0.78865521215643	0.7718257986963524	0.7686220851229754
cg14860676	0.8659077574764603	0.5015839619483373	0.848376218102632	0.5581092977062367	0.8572722946682931	0.2515437161895072	0.8108837416193543	0.8678799925396793	0.6721942139113103	0.5204779551196024	0.7996897449768777	0.7209808624675834
cg14898005	0.9155231253188157	0.9131656242930274	0.9109936461446843	0.9134153169141227	0.9178238614254937	0.9189285836081402	0.9210584385988249	0.9227616146272323	0.35365279088442864	0.9404189361593055	0.9369913794347862	0.9041514241477833
cg14924828	0.3552287702560633	0.9251052057222581	0.9374250223262031	0.921750978331951	0.936159549234929	0.9095244462582465	0.9413843590659978	0.9155907840914215	0.9178262588717486	0.8481042186873584	0.9211699681239884	0.9193365660580666
cg14940779	0.40226437130536313	0.9548672075643833	0.9537842259799743	0.9482779398747585	0.9499363174264761	0.9563719302178457	0.9545676336432702	0.9353918383660138	0.9274797625235013	0.9123977394217155	0.9229755639627558	0.9535166365749236
cg15001636	0.874560423200928	0.9287484644976388	0.941211129819988	0.43042778080114474	0.6158093015148625	0.678789161128807	0.7464253213583876	0.8530175397683954	0.9079695311714886	0.8906166887412811	0.8282779548403907	0.6067529055720683
cg15033776	0.9050695731690422	0.8970927182347112	0.904444195272657	0.8295412466040479	0.9063317078132371	0.9105055534230485	0.9144785993598832	0.9068016882494092	0.9269617249833005	0.9219019275331904	0.9247069971021422	0.3989966851048097
cg15090899	0.9564351866657991	0.9489402243538788	0.9441757414824445	0.9551860339314765	0.9527325187471714	0.9535185879352308	0.950555980919743	0.1640407863947835	0.9432414074971764	0.7841340613011194	0.7911729400462685	0.9467981813687173
cg15116227	0.3746336488945632	0.9436833994467486	0.9459947008510595	0.937891152507212	0.940674187496008	0.9443854876259388	0.9450986175527134	0.9307350135934656	0.9192793105614261	0.9043703820921086	0.9092429820000288	0.9416087164664234
cg15149205	0.9004342722633908	0.8893419382577165	0.8974501494769147	0.6752383584938062	0.8893502170192299	0.8802302254497962	0.8991521891858343	0.9118840302024898	0.9224232826147717	0.913159136454048	0.9258096185766586	0.8533079755746057
cg15163862	0.8607848437475537	0.8372232589846398	0.8468250514122998	0.796986417903119	0.5537206358302424	0.8528726864119682	0.8407935561173719	0.8764445270393245	0.896469547319498	0.8769330162924345	0.8926191817099357	0.8134972581345036
cg15164173	0.9142669596738465	0.9194659586146349	0.9204587528537232	0.8130389952916053	0.9198768336538548	0.855603634233585	0.9249626502121506	0.9154955861465942	0.9317108548300208	0.904287244552498	0.9256404963201478	0.47483214641238464
cg15173892	0.9005830734341075	0.8698323546061218	0.9060778565430475	0.9053994492712105	0.9062236845389414	0.9090692356065848	0.9100397008781123	0.9044758625471052	0.13657153522123058	0.9305609385853263	0.9242707638978974	0.9058436521198474
cg15192986	0.37251259966997347	0.890939817125818	0.909069366297041	0.9188189566903847	0.9114201804548975	0.9234343883838998	0.9194023141286645	0.9121261730393102	0.883161418273539	0.8903174398664699	0.8975475402290242	0.9179598647249443
cg15213052	0.9091680533403786	0.9045605710578322	0.9066547558333742	0.8967090144818975	0.8522320846148348	0.8935069352312776	0.34311903018897116	0.9164647031185486	0.9512792105644265	0.7660305740329658	0.943629268108244	0.9061542499326363
cg15301710	0.9279742870184685	0.9312636928531619	0.9321099413583778	0.927306463979406	0.9324599207285035	0.934821155097878	0.936815854153352	0.19792953397302698	0.9450240366642922	0.9240064790065894	0.7835910823599939	0.9305009634965083
cg15463664	0.8996460404986352	0.8992991636803488	0.9045195121973265	0.807432650889821	0.906503012501872	0.8930469977583763	0.9101533609451458	0.9044920107379568	0.9121325587976649	0.9199236833523997	0.9016846432534575	0.28233690601237
cg15560912	0.901830674144546	0.8876023751148475	0.9040260194065165	0.8170298679311265	0.9041594497376113	0.8394254927698878	0.9051034685204998	0.9101200759020915	0.9200688198141657	0.9195967588964009	0.9280041683442443	0.4124911877776474
cg15569739	0.9169748312921935	0.893772036301232	0.9116582885248465	0.7963877311032237	0.9145433218080775	0.89852273539169	0.9178350858413564	0.922947570946001	0.9369244239773876	0.9223951048134594	0.9350290503917615	0.8773669729692016
cg15646529	0.8431029703692378	0.8800282177035627	0.8610474220874845	0.883384554384602	0.8849425355513167	0.8714115838005427	0.8903408663509064	0.880242121892319	0.8477111022877011	0.1986419073928672	0.8586989090364522	0.8854313197862268
cg15661018	0.8629518840560294	0.6113378204901273	0.8856943013429357	0.5843669397846312	0.8859007065850071	0.33278384796303073	0.829523027429229	0.8467464536410567	0.8939970212551739	0.7716893437001974	0.880566459058496	0.650778608729771
cg15662508	0.904747968463567	0.9229039607262431	0.9238624097783242	0.917899905921619	0.9209300830487506	0.9249738655255926	0.9239519614838991	0.1799448436062605	0.9214474709478793	0.8471048061354788	0.7292988473805168	0.9199683462406446
cg15667493	0.8339270931373158	0.8523743258379689	0.8920028639926998	0.7094914842454627	0.3481837908665404	0.8283203479784965	0.7625984037914374	0.8777552293019645	0.8673722586921122	0.8397760684053612	0.8517541708099546	0.839111099173198
cg15683107	0.8401770082431508	0.7071855020596907	0.1104863448964165	0.8185802557461535	0.7373040356482	0.8159845272833642	0.8016459260326068	0.8317253990547322	0.8098089831832831	0.8182134611280173	0.7713539726333658	0.8769105565806794
cg15683542	0.8728355192608045	0.7886281414120603	0.8648290686978695	0.42779117085874696	0.8668331230197263	0.7204005599443608	0.877226275042341	0.8842500737945103	0.8938944585014926	0.8782178593879163	0.9002558202972316	0.7312329174264071
cg15715903	0.8698384771194131	0.8958081285236738	0.9033142214090473	0.8857895838539538	0.8956255852186497	0.8936570244986553	0.8993277984683019	0.8593966575124288	0.8154102012915844	0.9018920839999275	0.14499513354241894	0.8928005066868817
cg15810023	0.8963560712254997	0.8747015546548749	0.9003715517179249	0.8753033375131213	0.898043535777456	0.7835466941616798	0.8987308543181542	0.8974991448187812	0.865430301867498	0.913100737341441	0.1901418350429286	0.8808125066991801
cg15817752	0.878979827485113	0.7970918225856201	0.2892565104773728	0.8773121079408245	0.8760294890992661	0.8797163770368228	0.8750669676414109	0.8751001788164118	0.9081010023285352	0.9118936799879563	0.8947666358618127	0.8419689590522333
cg15870556	0.9016524095676174	0.20000209405735384	0.8597399194060863	0.8771050807157302	0.9155561270484958	0.9006192598335653	0.9188524186120862	0.9040861140387908	0.9121113498217455	0.9083302730859895	0.9142948599344471	0.8976700978681701
cg15873326	0.918894744572243	0.8922194437299429	0.9359303845268561	0.9093391013516158	0.9305986296804549	0.9059844124724488	0.9338538373256451	0.25126813394937125	0.9370137047082103	0.8891804725337528	0.8622653818241456	0.9088402604588217
cg15908108	0.8946513650898749	0.9174713292514384	0.930938195371142	0.8245091998413633	0.857851417884205	0.9248071247138817	0.9272103963623796	0.932089165582094	0.9417388738824936	0.9246955532702751	0.9350936315226672	0.48679948747435065
cg15921515	0.9090384886287673	0.9066989251200098	0.905267217509225	0.8860049290022315	0.9073258111014623	0.9164438125764908	0.9141444845032852	0.914620165084027	0.9204145612918301	0.9175235576384715	0.9210087470260921	0.5732399317123816
cg15956469	0.9305445085916286	0.9309529675809515	0.9301507180704087	0.9229402362198723	0.9222849555639551	0.882286144936341	0.9112033314486123	0.929124724736708	0.9689088913270346	0.15794580416878654	0.960051775864928	0.9072835214467441
cg15997319	0.8611943040363289	0.9249186334402709	0.933976095136476	0.9207124013907975	0.9272670737431987	0.925549800172299	0.9309080458092124	0.1889495655058685	0.8794288459145264	0.9204152486407183	0.743829139466979	0.9287108813978963
cg16044562	0.8943105631200666	0.8255376629549839	0.930820252306457	0.793420006519541	0.9322999555226102	0.9275395197316852	0.9346356648211366	0.922148141655182	0.9449894235959412	0.9104160842605656	0.9198035444209088	0.47097478232642204
cg16054240	0.907960714880896	0.7177249187971544	0.11880112127226945	0.9112680812575722	0.9144736134131058	0.9152736742355272	0.916594399878716	0.883924784082169	0.8556706489398134	0.9360245405353463	0.7489911698877342	0.9142328684164364
cg16070350	0.7976587417379912	0.7298252914438316	0.895391695567306	0.775317863086998	0.4747858865024006	0.5680246572139083	0.1723163382415224	0.869966334229988	0.9062648742648475	0.8837063235658389	0.8867357445943287	0.789595141191627
cg16107565	0.9189699635566403	0.9247582726024307	0.9203416481154477	0.916584848878416	0.918129192056085	0.9254379002311195	0.9205026803698233	0.9111571097982423	0.8508017046460279	0.9451333472670591	0.26851953857933314	0.92126128666858
cg16253157	0.7867108615857469	0.8875636155890749	0.9020837421767738	0.866958118783448	0.7187311849374706	0.8725291501209715	0.500437535710341	0.8177059347641418	0.9113088888316205	0.7498762938213336	0.8848808214621985	0.8926305897675454
cg16255804	0.8978845438185057	0.8615800956987368	0.8861729979330275	0.8725975322167663	0.8940183476023744	0.8831465367979202	0.8937018134945836	0.9004148754664243	0.93275287755736	0.9053770585573065	0.9127804576436384	0.6102926087626837
cg16289232	0.8529742677093476	0.7526475322635092	0.29556284868753524	0.8638562584886388	0.8748835695565351	0.8692114572412986	0.8852347944561109	0.8745372084535215	0.888612754099012	0.8798809184092627	0.8920512373442865	0.8603745528361307
cg16316183	0.8088863097124036	0.8781400721715252	0.8972847253780732	0.8936060341143803	0.9004028677518623	0.8839145236372837	0.9019508525393096	0.8510885940014913	0.9070989731699463	0.17508843052065332	0.7615848620005709	0.8959738199460258
cg16360310	0.8027893472589008	0.7616034441175717	0.8625812101819228	0.846313647235721	0.8658982688818577	0.822899998366168	0.8814322071849061	0.8061310103106349	0.8680834479781429	0.2511491238599432	0.8424764918490295	0.8528158576862707
cg16375820	0.8792703608556173	0.8774384033933043	0.8822089426340193	0.7421922103913574	0.31010723909689036	0.8912638766218978	0.7578906734815758	0.8875285809512873	0.8941429998859287	0.9049132308799053	0.9162027774848762	0.8103040749322394
cg16438469	0.8193187674726828	0.5825814734382653	0.8621432727213192	0.5968729187086028	0.8637416570048744	0.284525130880225	0.8296935415746836	0.6989107737398972	0.7204632649001482	0.5619815240308498	0.5943547548655607	0.7467953952008403
cg16461337	0.8424287657921257	0.7474650994145843	0.8961324643228097	0.544901837499944	0.8758152701268915	0.803900087357894	0.8911171722055095	0.8876659556616985	0.8788658336896865	0.8900974582654838	0.8361569689005495	0.7669778362846413
cg16495530	0.9004303268838592	0.6941494711787226	0.13307089115208232	0.909103993172101	0.840452140475166	0.9119803969343192	0.9010102981640167	0.8031783046064017	0.8658129929376629	0.7120249044478877	0.9174681993288664	0.9133511810925871
cg16596052	0.9522895210441794	0.9533974604602383	0.9525270835790705	0.8173229951523577	0.5911955486580964	0.6676406101010638	0.16972624524106822	0.9544121357663548	0.9724018908411538	0.9634658277320085	0.9547953488796836	0.8938309738457554
cg16597887	0.882037122695236	0.8393593915793017	0.893184577912114	0.8478353441738887	0.9014219477960012	0.8541969867116952	0.8975189290258043	0.8912591473515915	0.8458804620322763	0.8993603382330102	0.19492952452829385	0.8386397995142957
cg16613029	0.8331974891322947	0.8088084874495998	0.8487816277491005	0.7095509530813096	0.8042847691117849	0.417715390545557	0.7729999609957019	0.787926632460102	0.8523808311408683	0.779780751878308	0.7434849313461743	0.7884663570082706
cg16636767	0.8991669470930744	0.8555757005968528	0.8924785307426775	0.8979840211688558	0.8993642172723559	0.9085629047495812	0.9062002832034721	0.9029575520382512	0.15856012896077762	0.9278280399856857	0.9147238552444218	0.8924677218205627
cg16683571	0.9122479785586673	0.9135680400588343	0.911118831188518	0.910072784613946	0.9135682292683903	0.9161952848388942	0.9157083430902431	0.892642263449501	0.9296334855788294	0.9375762261700095	0.2045870705803253	0.912378329371689
cg16704246	0.7710467863192134	0.8428350094510505	0.8193224269420627	0.7873847971597412	0.6468916884716774	0.7902622882755407	0.3347066884011774	0.8107544766146723	0.8136706014081536	0.7974344612214799	0.8182679013073325	0.655226032274618
cg16780406	0.8783871127742122	0.8029944245231242	0.8731747965631238	0.8563127388975276	0.715552399810958	0.7880676691495335	0.2862992384704826	0.8778213639402858	0.9356168029308097	0.7072538089416412	0.9057550386932464	0.870315967858981
cg16901161	0.91423579068057	0.8719219955010923	0.912551596981119	0.8180168648750621	0.9116761252825001	0.8980040688067505	0.9174688520859874	0.9215508779328749	0.918453989455262	0.9400077107240374	0.9312339932018667	0.327721644542177
cg16909341	0.8437076907032363	0.8122772392840711	0.8442931944360814	0.8529539615958588	0.8724471671458789	0.8557943863902978	0.873883477991459	0.25966158095672875	0.871355548322309	0.865484588466858	0.809218245988332	0.8439887000900234
cg16995933	0.82702914278689	0.823555359161814	0.8832407783257965	0.8599745589648823	0.886995984763646	0.8209556093209013	0.8861229736904972	0.8555831931991176	0.9030329634548608	0.17997696708582678	0.8522447071278391	0.8714874561847713
cg17030380	0.8510587517168676	0.9289979676102265	0.9332762537672152	0.9157804408279585	0.9311952352079829	0.9232462490753698	0.9375584056286698	0.18597930393773776	0.9441907506175891	0.9151087258215316	0.7550484700814516	0.9031850298239573
cg17105176	0.8533540335129953	0.937141179575837	0.9355791214411473	0.9253404310025375	0.932744077386813	0.9345398899810253	0.9363721059120298	0.2211544014577615	0.9152380609890725	0.9116971567984095	0.8310763644637696	0.9304404444656617
cg17195809	0.8759176478580045	0.8715489343492134	0.8857628395761827	0.8624613607989304	0.8847146652986453	0.8743971131723787	0.8880932699723832	0.8757401126423334	0.15413534974791185	0.9051215886463458	0.8604022228657661	0.8493487700545416
cg17211761	0.90259659274674	0.8719113945268818	0.867910264441413	0.9020994274070337	0.8988122761306239	0.87717726637864	0.8777355232625667	0.9082439096548455	0.9221123391926063	0.20520350487460975	0.9272272302901716	0.8404816717396897
cg17290867	0.9071214074060895	0.8936679989746166	0.9069927717338307	0.851756282172903	0.9091941345006083	0.8980941241519738	0.9183357267512295	0.9157984759969328	0.9264280632399163	0.8980725461806796	0.937964812087745	0.51364758397778
cg17301153	0.3917103201671413	0.9051547938282644	0.9344186567306769	0.925455092847587	0.9366215194483972	0.938482485946657	0.9421208518474711	0.9386109051211745	0.9087750688952977	0.8850084326938619	0.9061603831702733	0.9295373172898712
cg17331920	0.8998714273684224	0.887455534323273	0.8798314069921033	0.8598453619775698	0.8766719078891795	0.8961411178474921	0.9006406629152544	0.9045113908469733	0.943162829567635	0.935639574183306	0.2645265717684098	0.8872362582140577
cg17351376	0.8359347455814962	0.8488207571793073	0.8242648471899955	0.820885747135421	0.7351560539990238	0.83069771617524	0.34153404370304685	0.8363573782324543	0.826313467956568	0.8817968656424024	0.7874736641405794	0.8392305007737617
cg17445453	0.9006478875564436	0.8938099861849306	0.9049198819305168	0.8623500327832755	0.6944405494534678	0.878362602986675	0.487509221692919	0.904614217910528	0.9201260244313253	0.9068447667909773	0.9074553688777948	0.8805412382752443
cg17514643	0.9261989329762766	0.17207578400350668	0.8551619628059582	0.9168491623352735	0.9308517834803067	0.913052666560235	0.9329920673539034	0.9323555893243778	0.9411366940135723	0.9174632035664756	0.9453448708342952	0.9083004090181636
cg17518643	0.9027857267546322	0.9085015958328825	0.914319955910912	0.5613202767264985	0.2437143908975124	0.8510723933551237	0.7604647880858622	0.5640560831911046	0.8860746027356217	0.8511982657158367	0.8627051937818265	0.6925025262137477
cg17523148	0.9287589866454967	0.9251532866165221	0.9312704824507203	0.9068982278284138	0.9183242871819337	0.519872026605631	0.911452610044541	0.932356694413628	0.9534739118385102	0.7946257741915266	0.9482267736707234	0.9275010300436987
cg17537714	0.8826488556841784	0.8775710414634794	0.8856595281627138	0.8726483186480383	0.47546555563154136	0.8969921002174402	0.8244260467220037	0.8988927590408953	0.9095008413131507	0.8751690349977743	0.9077919596795301	0.884678995500641
cg17542165	0.8327297982096283	0.9190830487031502	0.937514366359774	0.932813331980359	0.9358026693458938	0.941175465684029	0.9429311859423766	0.19672306135707	0.9459167354533886	0.8417272431904882	0.8205433954851132	0.934526842202276
cg17581877	0.29016709970865234	0.9296089016285339	0.93446734302247	0.9161417595433428	0.931697969591512	0.938173394902692	0.9376959516909252	0.8433809101026033	0.8614725331625389	0.8449708028076435	0.8570430376507412	0.935141553555657
cg17634650	0.9072282344538879	0.7022239422770463	0.194243004425681	0.876013438361961	0.9131908437735596	0.9066743953793385	0.919826483305512	0.9201026428152502	0.9219200717544354	0.9119100369048256	0.9103279522768714	0.8959139534501327
cg17642929	0.8958839732509479	0.8446265218560892	0.8854869148370085	0.8309586668829895	0.8915565961547054	0.8772559759193368	0.8933888820802967	0.8984917265373198	0.8967317708482857	0.9052765284266286	0.9209132082204704	0.5611163523263906
cg17781418	0.9010290548336379	0.8975258366593216	0.89784907350402	0.902751151202241	0.9017226690973494	0.9153437615931397	0.9131807362552429	0.896197876250323	0.9232532615807777	0.9274718586019912	0.17849335412798342	0.9050562473251542
cg17829179	0.8727082160629646	0.8498518008604966	0.8765616183405422	0.6686794710526687	0.7775161618586564	0.6401524660974905	0.3149983534536626	0.8825834206077621	0.924054837685902	0.6067803868537839	0.9097437100726323	0.8025184524626076
cg17890852	0.31814379562057615	0.944485751175304	0.9486550278826422	0.939659223194399	0.9477301246959753	0.9468742356942335	0.9537733460919029	0.9305247899718907	0.9380314008773539	0.898867862282132	0.9073767410380692	0.9411201610068648
cg17960717	0.9288891714642326	0.9370591634186178	0.9414496061788208	0.9330190805644778	0.9396128610595376	0.9426298642758351	0.9395221274821459	0.272178775496037	0.9223385423060322	0.9270689673410635	0.8285885429707389	0.9376595237342897
cg17964575	0.8670854613446429	0.7945965638975313	0.8539637791700633	0.5912435699221215	0.8489034961524805	0.8153784325308547	0.8667040093707733	0.8718229676035678	0.876628179277895	0.9027631685859147	0.8738254635870542	0.8062949294613083
cg18001026	0.9129940590005399	0.9162097655534486	0.9208638871944788	0.6841769570897925	0.9173156544828587	0.8509629468974228	0.918403237329908	0.9105279984959138	0.9076207153016682	0.9223937669526624	0.9060433037337227	0.906974978018744
cg18066690	0.907666908431136	0.9029122395533188	0.912065476826989	0.9014139909097673	0.9033225055664091	0.9111864354440903	0.9119702629563952	0.9142156528752547	0.19591650026453217	0.9368972378339506	0.9292227458271679	0.9018852204521227
cg18073938	0.8784867339958539	0.7198303318096299	0.8950992683477292	0.5494585471657945	0.8888055729190827	0.224508043507384	0.8439219063847487	0.6032836888237002	0.9065910323017619	0.7936406213131724	0.8011576889563746	0.7045042263690514
cg18327204	0.912628277015672	0.799504103183021	0.9095587804306839	0.8859232452911397	0.9096928925489891	0.487682049169989	0.9033521075037608	0.9212907037623552	0.9407371731343666	0.8739064966594532	0.9284127245080643	0.8941736801061443
cg18329839	0.8392252672066712	0.8548104997612295	0.9067720804664797	0.8799382224872647	0.9041707457158592	0.8413981022004842	0.4998567669600482	0.8314015698581237	0.9111873645636254	0.8774732418078693	0.8798900495382256	0.8755322301203453
cg18330536	0.9140818874271243	0.918687520849994	0.9200859557659941	0.901776922896057	0.9109285723782448	0.911610531384293	0.911658846986465	0.8563445716380143	0.8436641538408826	0.9330807050184046	0.1657948501623174	0.9110499726916901
cg18356337	0.902280779405859	0.9052710391639675	0.9083930974471353	0.9006708242270458	0.908086275354365	0.9138693636121444	0.915954981891766	0.8951366058416725	0.2267980396047684	0.939115402341467	0.9169054778072728	0.8934040908837173
cg18358155	0.9088806430414264	0.6639160259584417	0.13925795336446475	0.9076543235571918	0.9164924214699315	0.906967064051017	0.9144187028227215	0.9053965318233382	0.9194162942647495	0.90935321732786	0.911754057661732	0.9115905479323047
cg18395354	0.9076839749561448	0.26285490987213134	0.884096442983908	0.9041213318505897	0.9107623896175225	0.90288345043245	0.9136025594382321	0.9051020545651972	0.918286135996766	0.9061890981413272	0.9119292988340527	0.90046184717919
cg18409707	0.8587134391819009	0.7383886111673003	0.8624747037969207	0.5484944897399173	0.8168115776550522	0.804898182718118	0.8810232058438562	0.8665218850660168	0.8753882548226108	0.8910332212794458	0.8791203812832871	0.797577454006929
cg18459351	0.8775208635200774	0.7707731239549519	0.8969448374280212	0.7749561647271135	0.8955830755135162	0.788638252934476	0.8974465603476881	0.896294819169152	0.8986491509254716	0.8809972144270741	0.9064895821094517	0.39117695386340295
cg18546155	0.8970214922322454	0.9000646947766401	0.8971995389915071	0.892332574863944	0.895461950145503	0.8595054594548397	0.8955486858787058	0.9063129726590355	0.9421677381674144	0.21796541954075632	0.9328926506415582	0.892566341232107
cg18578898	0.8821744237012054	0.8975993588806954	0.9005879717316547	0.8757340638216204	0.6552359007401864	0.8997007530978507	0.8783297557704021	0.8963020170461202	0.9026219329475651	0.9127655425165917	0.8564405145463256	0.8675846817037872
cg18584272	0.9128003922085418	0.9104381634693203	0.9156811991834682	0.9089448252881642	0.9121197978926879	0.8980185226384152	0.9151951573561418	0.9181593019454131	0.9474787382628714	0.24005758599278165	0.9386056122425016	0.9090710426179266
cg18629096	0.8946164890212004	0.8837885658638195	0.8789699717668115	0.889071438452412	0.8906609581686226	0.8918273462874917	0.8967964372675491	0.901901617775813	0.9323718858716568	0.15766285686792228	0.908522399773729	0.8897406486066243
cg18646784	0.9117366421881075	0.9114082352643743	0.9128893902075065	0.9086069475332192	0.9136458018621978	0.9165618513267445	0.9184596105852222	0.9026578766127136	0.9055371275551917	0.9333841615476363	0.1845256477040502	0.9091785511081877
cg18811564	0.9055556548968239	0.1958482326029237	0.8848313438762092	0.8886117871215685	0.9160522244180107	0.8813184384893877	0.9186507344404916	0.909257769330794	0.92505559028517	0.8507073343034202	0.9305451299528743	0.881690506392304
cg18844042	0.9125950485308308	0.9026923877886022	0.9102577446534232	0.9115075331866882	0.9115784638543696	0.9150432303025955	0.914449911293322	0.9182514946334412	0.1372178714509303	0.9521823381862802	0.7749096621203307	0.9117024798918644
cg18844901	0.9060797424712891	0.885955976864004	0.9103813628849052	0.841321458433764	0.7819378216733464	0.801495073943021	0.5012940449479573	0.9143122437047517	0.9163517621968169	0.9095949356348891	0.9187103860634124	0.88985829110981
cg18852698	0.8458771182041586	0.881390897611623	0.9052228812584583	0.895071248417688	0.9056907138875878	0.8904703748347396	0.9080879528955015	0.27544402401052576	0.8960579279764158	0.870240805655335	0.7999477295330766	0.8944021474047493
cg18857045	0.886959549852162	0.837679749074126	0.87233732705483	0.8169845119249532	0.8896559485800832	0.8468732519372935	0.8984308776063147	0.898773613325576	0.920641932430335	0.9074919077469039	0.9223524046750402	0.46224256030631333
cg18857340	0.9231190062917385	0.924418297257676	0.922429807793976	0.921717694197106	0.92089234320468	0.9210854563710205	0.9248966225187838	0.9279990329125157	0.9518940387152618	0.36333903656856237	0.942585514473811	0.9204642875235717
cg18948661	0.8715425804171898	0.8513544445529723	0.8807134855148224	0.8415349317363541	0.8755233752441798	0.8351664164730408	0.8831438866232881	0.8944728619651947	0.9300953966185666	0.23632680595455816	0.9023244140984215	0.8579558456741694
cg19084822	0.8344923247013681	0.7976192924680562	0.852138288718676	0.7677387342600053	0.3210933586503666	0.809861610771067	0.5966655394421538	0.736899942696431	0.8863344069881051	0.7741952827839901	0.7956678084044183	0.784508496600924
cg19111287	0.8862383838061443	0.8725101563881631	0.8792276248014645	0.7974537885929895	0.5684155767513571	0.8699704489238267	0.8784000574269746	0.8733435511018768	0.8671656946793072	0.9019859712930899	0.7948058370740579	0.875942486547172
cg19132501	0.9169900913775805	0.25172960856879684	0.8675576658193189	0.9048763775571438	0.9239880017323854	0.899043051641351	0.925834840258465	0.9218587514201737	0.9331404777172039	0.9036658419564084	0.9295114243260602	0.90805352182202
cg19188904	0.3406596179067438	0.9264708985797004	0.9286586412570107	0.926678461998119	0.9302880923741617	0.9355375550343138	0.9373645424950835	0.9188462720898523	0.9060237497883269	0.8934223926779143	0.8866287820281696	0.9296611060242973
cg19253785	0.8583270636084138	0.885439179037857	0.878649107623469	0.847120155953943	0.8405334379902915	0.44911093889284626	0.8211260951102973	0.8583471040591485	0.8489638305963241	0.6895920794285247	0.8147176903811029	0.8821515655833884
cg19311567	0.9108232669208046	0.8956599580680003	0.9003456898996107	0.894478638681296	0.780274032936214	0.9030396826749375	0.9056669825806815	0.9183213665480088	0.9296594010923767	0.9125364274572683	0.9222128392298433	0.901417783019186
cg19336573	0.902683414935765	0.8885970122671085	0.90700545556551	0.8946239716716837	0.9084252126076716	0.9041225375790765	0.9135195599676488	0.9074314590899608	0.22880902605643996	0.9311327946544546	0.9262656632053861	0.8998474507039944
cg19436514	0.9232302881808296	0.8896263774096514	0.9375554861476105	0.37995792463969075	0.7799763771854008	0.7910751107119375	0.9060878862915857	0.7052212158831063	0.9426465079337121	0.9219494257771081	0.9220711548776016	0.6371396297829564
cg19501306	0.882224406177169	0.8492158049841189	0.8763754940941968	0.8860030944899565	0.8895999914239401	0.887937890877428	0.8922721509490594	0.8981946669488104	0.2201788828468298	0.908279019478513	0.8635489362977188	0.8833937734902473
cg19606289	0.9325952525949832	0.21823969695417367	0.8884037363607862	0.9289661922481453	0.9316120430273941	0.9327134026290466	0.9315915501830018	0.9357483106508172	0.9363300509050344	0.9263439647995793	0.9364501503307987	0.9323417258568326
cg19619956	0.8379784334263123	0.865537637604746	0.9138881910913762	0.8655878869220035	0.9039358498503443	0.877811794216701	0.9058878206568919	0.8157153820872095	0.8923698150890155	0.8922166514842937	0.23534165561841866	0.8734792254329423
cg19653890	0.8394918774709592	0.5972776807809027	0.8435680012315435	0.7094040355155288	0.8531099194232612	0.21299892247117752	0.8289641705635027	0.8415918151651678	0.665353780850336	0.8270761957682966	0.8467711372853306	0.8323856370238101
cg19764973	0.9233961135497104	0.9227157487803043	0.9250578809698328	0.9204394849376802	0.9230980656247472	0.923681133284137	0.9258219125586769	0.23346770281223725	0.9216046645646512	0.9116758050551759	0.8585117387226858	0.9153893471046969
cg19776833	0.8628218978237286	0.7880666603392029	0.23481680065047625	0.889371767717722	0.9143661222806909	0.9300053297677345	0.9267207800519847	0.772794824579075	0.9370507776308592	0.9258453874436962	0.9188902711728805	0.9180870156258877
cg19792099	0.8740112933309009	0.8157354553347961	0.8747861999177802	0.7382223064648434	0.6717275478961964	0.8115608739007005	0.4046260783734244	0.8865286903139313	0.9242404579089567	0.6329260518857545	0.9201069690821337	0.7275182688948657
cg19792189	0.921131463591366	0.9198129008376855	0.929524102349502	0.52855814666283	0.1831513426259084	0.6440525067911325	0.5169361791698136	0.9298377711945575	0.9362467098768299	0.9256583511967238	0.9377281319748345	0.778662633381296
cg19811231	0.8973537150135993	0.8241424602224988	0.9051092343387488	0.4585479626933275	0.8563437706465246	0.7681921444406925	0.9071255044248779	0.8972202025895545	0.9034807102399836	0.9160301933664481	0.8951836647332443	0.8575681651506777
cg19850895	0.9068056869170421	0.8764824448079939	0.901470513171861	0.8870383063787628	0.8954886480562049	0.834515568167331	0.4163922439937342	0.8906539907526998	0.9306082031357611	0.8644135424045464	0.8832286729793927	0.906879734622028
cg19867897	0.2379673477843848	0.9554588326712526	0.9597244309604815	0.943738340595194	0.9560522529285	0.9355709540455692	0.9597478661256955	0.9245743826482322	0.9269935417814633	0.8779975113324661	0.926406967140924	0.9489083765957614
cg20030158	0.9246543795579308	0.9251911362110783	0.9222854333107665	0.9209679956616157	0.9253527200936242	0.9314973017624673	0.9274085796358221	0.7461342765463955	0.9387856239396551	0.9355109602338383	0.13756618363295714	0.9170105110665995
cg20063728	0.8875195353890891	0.8442744905489663	0.8778918793888083	0.8344903030793775	0.8853840062296616	0.33164986240008	0.8760048858225236	0.8935763917932648	0.9232260323493747	0.8734636345640556	0.9066567028238256	0.876675745073649
cg20077668	0.9027341247693723	0.9168315612456883	0.9206990015595555	0.9102092411930532	0.9142941455884268	0.9264433874568853	0.9200823927605375	0.7517365904126347	0.9179294255079992	0.934202217918083	0.20019472548744274	0.9208765685530077
cg20213624	0.84664622905213	0.8433030156091433	0.8600746670613273	0.742713613530031	0.5108704217588274	0.7897713915961925	0.7945490795169065	0.8768942559029478	0.903461566528147	0.887344192421901	0.9077757299737574	0.8507275109786129
cg20290017	0.8992676005179746	0.8993308094360813	0.9085554218014438	0.9011289654251144	0.906500386408337	0.9090048509092278	0.9124814813556339	0.913655643240175	0.20916819842751525	0.9355896932710366	0.9052690788512403	0.9060440507269686
cg20290061	0.7835125206738288	0.8093448784832614	0.8157028577133323	0.725310578423935	0.5618234730819551	0.8110198039353029	0.7561014292872432	0.807671897390612	0.8426702127518501	0.8193643563812089	0.8428798884848542	0.7676622950441784
cg20330224	0.9138508204252069	0.9107887650603953	0.910934579096574	0.885849551054646	0.6826258714360286	0.9144405484526975	0.4649928855915048	0.911332538163978	0.9298188638113722	0.9029077740141889	0.925437339434763	0.8723353728757101
cg20374292	0.8954383972387224	0.8880469393220318	0.893610676185699	0.8971660386235389	0.8932785678699379	0.9012135844403367	0.9040713680018946	0.8980264955782105	0.1421787138732549	0.9336954864176876	0.9171017807992913	0.895607429892495
cg20412398	0.47458087630465845	0.9363086710388945	0.93550112737863	0.9369321865738021	0.9374974626022985	0.9424363012500803	0.9439788485827064	0.943021258858723	0.9201672544570648	0.9175258378835938	0.9131183459978155	0.9368678474528327
cg20492070	0.7209987162453628	0.8350385807524418	0.8428670480049255	0.7985809010238998	0.7138370265546937	0.5907866834888673	0.16255012277619574	0.8269175260600685	0.8295407945646854	0.4851082344082477	0.7787425793336303	0.8367156683593674
cg20560862	0.736938163683177	0.7958023084608293	0.9046054806366882	0.7531022286579481	0.7606832257325346	0.7759676196302643	0.5144339912381029	0.7823552368462348	0.8044863198267816	0.8059497955828988	0.6924619692861199	0.785127080092805
cg20587232	0.8773727697317678	0.889729690590067	0.9008589829991378	0.9025946207403335	0.853927446697577	0.8760030676704105	0.6591587461201887	0.8906342353731075	0.8890240113522754	0.890225908602783	0.8912962114803346	0.9053573339645783
cg20652042	0.7186383575650644	0.7931641302356397	0.8415282716303775	0.7065894962563002	0.8717726433642593	0.2470708000479805	0.779655597685752	0.716225412494865	0.7255455605403874	0.7607114724648023	0.6834347609431483	0.8152045054736127
cg20697519	0.7956250979168565	0.7757460983361648	0.8159564879028892	0.8107019559995392	0.7996787938629122	0.7845869571612578	0.49289439900869886	0.7919812983830168	0.8270390764560436	0.7832745244051791	0.8236408990942992	0.827066406209997
cg20813776	0.8901876363272709	0.8770747768283683	0.8823104932733801	0.8452609290904912	0.8878914712935465	0.39027850458769175	0.8635927469489608	0.8809049508222935	0.9037224098016108	0.7851478923998582	0.8793990223375575	0.8761443599387136
cg20913547	0.9093237132948176	0.19516709118882783	0.8839210701237328	0.889830356035967	0.9088044652220638	0.8804008061523243	0.9105168310752679	0.9118289245268032	0.8759363667785952	0.8955127778636657	0.9123857345255421	0.892132883133755
cg20976977	0.9409157391361115	0.245059959987691	0.887655992684312	0.9377283687499528	0.9376931108506501	0.9424058647156426	0.941729079644069	0.9466709799353202	0.9470865152980732	0.9373610843326526	0.940600654028846	0.9367901669323464
cg21023071	0.8947978838816534	0.9085036109055803	0.915619018781037	0.896004213289006	0.9094182631079974	0.5173436685263115	0.9023755404415512	0.9126898110140793	0.9341840233994688	0.8667246226818692	0.9254562208479357	0.9081303104219259
cg21081729	0.27614736967483666	0.914586756331431	0.9246738316940167	0.925337490025216	0.9316889373058302	0.9332867225969598	0.9399613664543256	0.9188451938462953	0.9155967086624899	0.8879203566537985	0.9028052588380074	0.925930311266025
cg21092682	0.8520229688665832	0.8247825045610702	0.8454781742131653	0.7640411965358372	0.5549425932739546	0.852683237551942	0.8671356943630524	0.8515209451739916	0.893248769550251	0.8745477104031381	0.8885362974770376	0.8006688229127686
cg21180201	0.8002884044249465	0.6954855522852652	0.8883324409488991	0.8278773568854477	0.8929899537887364	0.8184798838656975	0.9021132143976948	0.863388237946058	0.9058727778926733	0.17248096804754945	0.8918583705997585	0.8833185303380827
cg21185441	0.8649893956647002	0.8035454135900229	0.900295242642897	0.8683420320193624	0.9009784574757201	0.8478235737110287	0.9061472986012937	0.8946498181567686	0.20250103123226937	0.9087227023337784	0.908368839322237	0.8778776583125613
cg21275838	0.8867099870452874	0.8763064763250082	0.8881335606477412	0.8969491377896726	0.8987991534618838	0.9020958837454173	0.9054409323032877	0.898101812409814	0.9193466720813198	0.3329223890522101	0.9243697008697337	0.8966986738124053
cg21503771	0.8777006898931923	0.9092221997084889	0.9072673227111263	0.9016644045741136	0.9102365481719046	0.9141398117562072	0.9089169170408814	0.219195975821453	0.901279413671073	0.8855647414185366	0.8510029306121175	0.894869598943711
cg21542081	0.351194879449531	0.9461751703474629	0.9479247534494782	0.9421381674055198	0.947089151076948	0.950522851203225	0.9500659521029021	0.947982646194344	0.9051537301476755	0.9235150626524652	0.9150034489258178	0.9450644412463447
cg21581865	0.9115931107285352	0.237508873933868	0.8874211605602029	0.9208198003938559	0.9233600333186047	0.9268557688301092	0.9282994792751014	0.9168518588752108	0.935040784569236	0.9171603087876108	0.9289098311815502	0.9253820548897814
cg21585800	0.32549572412570466	0.9265165859613026	0.928013900665438	0.9127583334666647	0.931871565477986	0.912503485795073	0.9353026758036606	0.918445898783345	0.9242840120212006	0.8779241263768383	0.8947365428938655	0.9247458006093278
cg21631387	0.8972812070561457	0.8836506073651537	0.9047448970412852	0.56228295991476	0.5771032097436491	0.8684387584911692	0.2221858357697922	0.8952746112033114	0.9168284386267335	0.9191475972755706	0.9057290307199931	0.596209625794179
cg21664107	0.46326558657691663	0.7012335167186995	0.6966831677132266	0.5610845468402801	0.18296604956845658	0.696424530622774	0.45548906658602856	0.6261477832881435	0.6663621721223812	0.6898375989895846	0.6341673711197067	0.6560171879597266
cg21747310	0.8053389440643124	0.8885773879037941	0.8800919337510404	0.3380891190116805	0.09679023651651927	0.5029878464024032	0.3784014574766652	0.876041751248389	0.8712930127490774	0.7519296297749392	0.8539805930112815	0.4967358749849063
cg21782213	0.8886045529415871	0.8982967297664756	0.9012220826905668	0.7923710357403797	0.3154429489843958	0.8919604377430335	0.8908064289275371	0.8995782030243116	0.9157907645041751	0.9070074982168144	0.9164477855838361	0.877446256500765
cg21936454	0.9128984858019343	0.9106156652080509	0.913172813598132	0.883530312948254	0.5277606261862495	0.913515516984692	0.8712338973332248	0.9164132408616218	0.9366855105866093	0.8430718375440996	0.9173227659869577	0.9048931241049257
cg22034357	0.8311566127390978	0.8971437551308288	0.8983378964315295	0.8567825540360817	0.8994076599748178	0.857694862740359	0.902645221780436	0.183166854298111	0.8446037947523198	0.8694849808694947	0.7688659630071868	0.8678503097445808
cg22106847	0.9119219739658359	0.8992690650051974	0.901289239346921	0.9086607370749038	0.9159260585401399	0.9204567274636135	0.918064061883776	0.3241079003884383	0.917538029720021	0.9117195561027384	0.8101131825497583	0.90495317879269
cg22206842	0.9114006471340778	0.225165764282335	0.875419069175877	0.9071873424975835	0.9212054283583804	0.911348547465926	0.9222046422574832	0.919449602182931	0.9150637495712505	0.9029129660406457	0.9158571507095122	0.9158001466203194
cg22250168	0.8182431501753843	0.6005785785529365	0.8518628742931496	0.5900356789588352	0.808621795145327	0.22143224211158152	0.6465176948364436	0.853357060309626	0.8456036734335239	0.5320915938060519	0.853776563565004	0.6386259709021513
cg22324641	0.9119022690622408	0.9093769445950687	0.9190318791017495	0.6612482449711472	0.41963865152968455	0.9112397160444723	0.91535423617494	0.922397857977186	0.9215078889334891	0.9132288287163741	0.9168492018420443	0.7643231730912042
cg22344918	0.8456518562490656	0.8058567863472853	0.8331466656475462	0.694873146826391	0.3791841075215058	0.8075897619637428	0.7266250314036634	0.8633872498100172	0.8965639342110797	0.8582732723281138	0.879387793632176	0.7447424149430337
cg22400420	0.888004159230512	0.883174409452133	0.8928079719393753	0.8792586741042493	0.8913176852150064	0.8714456082827275	0.8928448091443174	0.8912054054948115	0.8985403878394531	0.8992465356694497	0.1755924975899594	0.877381645101566
cg22438885	0.9151920378546728	0.8641162905306881	0.9082511193237413	0.8823823533548623	0.9124982050027463	0.8983469378108517	0.9177125765512073	0.9191374763063083	0.9306763538223677	0.9088766125444527	0.9192143958135833	0.45238242780113197
cg22556056	0.9057549134501078	0.9015670687237004	0.9098261219044019	0.8794276052804912	0.8701470972766343	0.8948723550208042	0.4836302484461454	0.9031932309931545	0.9373392555398428	0.890811052445553	0.911003572241086	0.9020039524913456
cg22572158	0.8992448843988563	0.9094798409266129	0.9201864198002657	0.8362113794659467	0.918300640266688	0.919134202000379	0.9217960384252152	0.8980078687575195	0.9314672595395721	0.8918884896523936	0.9094567260735219	0.38573033612242297
cg22574467	0.9295988106710252	0.18154673004442348	0.8141827888665273	0.925717143422474	0.9301509033623783	0.9305395502797831	0.9330248700558524	0.9338972553163898	0.9342000833798647	0.9327521267500177	0.9303651424721346	0.9294214365379524
cg22619531	0.8956011264860527	0.8930480591937237	0.889762420352052	0.5383402398292215	0.880933358116588	0.8178026941795332	0.8936503095269837	0.9003366203824105	0.9063810609998785	0.8712928016557224	0.92598526159831	0.8590418355249679
cg22668643	0.9121945746066776	0.9085336233271862	0.9092013343850263	0.907191222175654	0.9100032313925744	0.904479170724844	0.9134897605719662	0.9185880253822672	0.9479463532831871	0.385288849183237	0.9406583831228863	0.9109508967456298
cg22675702	0.8729975680293541	0.7918910373559723	0.8788993535512855	0.8697624212429332	0.8810519277031592	0.8794414723048612	0.8825624557416225	0.8418045699478235	0.13237589516976647	0.9050601083664173	0.8656115211454726	0.8783547791518327
cg22755579	0.8975015417308269	0.8862546929501	0.9018691018088175	0.7826394872741227	0.8932059057337994	0.5513071096798106	0.8894638760151672	0.9050496907752072	0.9168002634339035	0.7737242790838462	0.906879038471855	0.8808317402361013
cg22784669	0.9172146248382848	0.2556633149103072	0.899688601699001	0.9105086356279162	0.9156581531586022	0.9201867327774352	0.9201280716800222	0.9177624558873495	0.9295895361101643	0.9111488859832818	0.9311688446744659	0.909931614945035
cg22829007	0.9068240786513689	0.9118844926976042	0.9096639948403983	0.9083555443586819	0.9084802942618786	0.9126150786422672	0.9145162845832641	0.9169950243568915	0.9380077858631861	0.3471972139721335	0.9335392345698761	0.9108165774332687
cg22936341	0.9058971944230042	0.9065112166914172	0.9121811632446875	0.6639282386385723	0.9078831838953715	0.9132018529920372	0.92045620663097	0.9098758270800087	0.921585068585167	0.9260349817766811	0.9157543868868085	0.8677709840478164
cg22954836	0.921946069887947	0.8997794512017236	0.9219264646399747	0.9248710829213852	0.9276210525189799	0.929655466564441	0.9321432352657407	0.22166337236079825	0.9341318336730887	0.9265748399449052	0.7836183095525922	0.9158792153570356
cg23033014	0.3558140261853415	0.9446472816369552	0.9444063338043653	0.9328771114827442	0.9415401917176514	0.9415638616839735	0.9409871574790583	0.9471403156077235	0.9245866490382387	0.911151921936321	0.9199982020257761	0.915930263764988
cg23063536	0.8900667786027014	0.20837787467146285	0.8515305540048947	0.8649655415542115	0.8830221309857944	0.8619118049180957	0.8849884307085694	0.863246775901941	0.884042400544545	0.880201565122074	0.8603285045885266	0.8768536494863891
cg23148481	0.8936974349427987	0.8293684554240004	0.8803738656794015	0.8323899148877293	0.87427317979062	0.8723334065050823	0.8955280795952631	0.8980695653461266	0.9255409243490251	0.8930419992602122	0.919887435647813	0.332003443451057
cg23172664	0.9136971091414142	0.9121036735938829	0.918346003883321	0.8126131237012053	0.8874062085648943	0.918768549133745	0.5913992691799341	0.921689567296598	0.9342952379064254	0.9338348001025301	0.922421585134254	0.856684409225757
cg23244761	0.9454558643985039	0.9510324813713393	0.950487197831436	0.94667800916921	0.929374050321521	0.9494767118263452	0.9499008495377218	0.9504210239376217	0.08744981337477514	0.976978220222926	0.9692425278055433	0.9444010433726316
cg23312369	0.8806443504560915	0.8802040390507501	0.8889518150976418	0.8702714653313155	0.8786655840749631	0.873553152291579	0.8908953783039332	0.893971594952634	0.20811180977546684	0.913288061346219	0.9163509737057183	0.873677075127515
cg23338668	0.892616881765356	0.9018465163302226	0.9032581545051752	0.858861849428662	0.9033547086669926	0.8723453200794715	0.9063878278556636	0.90339768705967	0.9120671812560002	0.9279782237277117	0.16850098803670951	0.890761092040786
cg23369683	0.8626664695151195	0.9036574470430753	0.8852287936302927	0.8982827095850517	0.9073158745828934	0.8940061932722558	0.9064501850639222	0.898370813618429	0.9297828561315588	0.3002483295307091	0.9169381271347362	0.903206346504092
cg23373670	0.8908997984010321	0.8904845478585605	0.896346766059779	0.8856980047978185	0.900634427681316	0.898544149039687	0.9066781424940051	0.8977196377578153	0.1697026354680487	0.930238255672976	0.9032231908651186	0.889739432348272
cg23411838	0.9214401461651383	0.8280317850553393	0.9179379503778671	0.8217092015694745	0.9173040111772629	0.9131489420543539	0.925070365499106	0.92604928825826	0.9549042024284194	0.9233692737915401	0.9461053439735311	0.5092440722407486
cg23516026	0.9252172957447268	0.9026438143294069	0.9275616712679665	0.888569953125518	0.9247088532889638	0.9244673371450289	0.9302848540846431	0.9296467950833913	0.9443209249904736	0.9286927509133085	0.9349052725334647	0.5406505742778663
cg23539484	0.9240783943620099	0.9218111768666168	0.9211231163959257	0.864660949337978	0.9231817370204448	0.921434843938513	0.9284176449991668	0.9241045226120692	0.9291254323281509	0.9253558363830132	0.9333395899864622	0.5106662337407774
cg23639055	0.28049555181942565	0.9237112996462913	0.928166243935601	0.9124235493273593	0.9247258967185706	0.9224507632228313	0.9287508196879355	0.8926680032706316	0.8993565840601153	0.8880359524929565	0.8882223283300617	0.9231552870349929
cg23705316	0.7995158772777273	0.8581112647075394	0.8720564962690353	0.722861465267636	0.5101187047599576	0.888073662561447	0.8497123443888951	0.879444541627765	0.9175597596937515	0.9145957885437411	0.9127468067471441	0.8330697452518057
cg23777479	0.8467819525247657	0.8572669074759208	0.8569233177923482	0.377951928130395	0.8609212864915932	0.6831852184433682	0.8674216992068342	0.8289689732835578	0.8425972726691598	0.8175374109140423	0.64743340452163	0.6270849148960344
cg23853980	0.6372031342487164	0.8721088210043488	0.7722325274614945	0.4219907003749775	0.8038210758891774	0.621928955884601	0.8490665729904953	0.7391216871355375	0.7395453234338004	0.7056688460105913	0.7535250040089126	0.6281836427071323
cg23911433	0.8652199347953745	0.8392051250861879	0.8661107094734858	0.8465554463891097	0.8792344445893094	0.8535323052161552	0.8861251023353782	0.8712330256641283	0.8774872514743877	0.8803204884251323	0.15154284829550585	0.823058257986499
cg23950707	0.7783392393287213	0.804597470635	0.8617420270367487	0.8539682616305615	0.8707075587617445	0.8508141509054117	0.8791665422040149	0.7743652952333687	0.10917468441733079	0.8523788794385954	0.7475218249491364	0.8674400106449083
cg23990235	0.9088490875907079	0.9141740290491397	0.9133367131995352	0.8944673972384942	0.690374881223535	0.9159990131545025	0.89230852094582	0.9133229662002827	0.9256098451518454	0.9070218962753815	0.9077276971421592	0.9007573751213812
cg24057263	0.8993257908142486	0.8986723377419626	0.8982982334049827	0.898176781403358	0.9033530499704089	0.9021355891636307	0.9054416422554608	0.163640176927005	0.710942329762368	0.8886182257172208	0.7553025489081424	0.8932409652271067
cg24128943	0.8882639466823162	0.23420831242445164	0.8637359664912028	0.8802367630982553	0.8817466833209959	0.8847537569102273	0.8836686209122699	0.8975394313687537	0.8998421346798042	0.8663428539921274	0.9019609613650784	0.8740001997587009
cg24131359	0.9188856792277518	0.9252476534631354	0.9233932696455263	0.9214979664926375	0.9250558573480449	0.9169318026137387	0.9175167360973188	0.9236380586718195	0.9363987780796023	0.9335459092136933	0.1813573908416737	0.9185085205510269
cg24137511	0.9548155425462824	0.9586152933899509	0.9592800960748931	0.950035743112506	0.9536247373948077	0.9383154309576802	0.9519491968893712	0.9601432934761945	0.9817691322420338	0.32221078777603157	0.9768286784718728	0.946778301639164
cg24160371	0.9224870526969956	0.9242202591784614	0.9243910630785415	0.825061257030255	0.5543364293828252	0.9132108849322472	0.9193104313655326	0.9289443175535872	0.9366381134646975	0.9158581074528336	0.9344081456482941	0.9082534792275223
cg24240349	0.9022548542574813	0.8953871445930884	0.8973396229937478	0.8756760896238455	0.9005686729570884	0.6987528766220737	0.9021695341103234	0.909702212534475	0.9186386399352844	0.9021625802752284	0.9163220645080563	0.8906835299008243
cg24306984	0.8712138702361693	0.8380534168778282	0.8784952460735642	0.8528563849588531	0.8916699063473317	0.8866756695151532	0.9015605262075918	0.886688779323588	0.8979436196624792	0.9107059775808029	0.9071798453336416	0.5199611321849267
cg24367295	0.8676770153152379	0.5915489846714769	0.10695280487637575	0.859664400957391	0.8756747548810762	0.870353843408289	0.8803824578111943	0.85600515527995	0.8895818994952635	0.8759200490132362	0.7433077445366156	0.8779170118275337
cg24379742	0.8861746720605175	0.8225513878069877	0.8977624296704074	0.371672114146471	0.8591510980684994	0.5848735340293367	0.8722955945131027	0.898708098766916	0.9052831598848048	0.8577991103616993	0.9109274529189362	0.626443766861518
cg24392753	0.9036939436707788	0.9109038352942965	0.9111152551961352	0.9020696564206417	0.907839294260597	0.9144332693762438	0.9155689180797857	0.9088124221117213	0.8731062813754566	0.931629136332621	0.16665740745253302	0.9082472374991687
cg24410690	0.8868370759956338	0.8676922568923086	0.8825616128893755	0.8956223585695502	0.8976818935973986	0.8978334443559455	0.9043180096008367	0.8998233777370517	0.9244432471232035	0.23020769316842302	0.9070874118833507	0.8873418338310071
cg24422171	0.8683931507734637	0.8283188480259384	0.8366961859964183	0.8593201665895017	0.8489940025025007	0.8483669819922872	0.5426200898409398	0.8750393584957057	0.9046199343656492	0.8838623306559302	0.8937826978282503	0.8737797793888263
cg24732344	0.9061086264797371	0.9011888750291827	0.9011872930703905	0.9136829471828245	0.9153194558085007	0.9215473651259916	0.9236267603233698	0.35149634378301525	0.8964522316386332	0.9002305156680126	0.8841658822586312	0.9128269759030737
cg24791846	0.316065167045422	0.9239078792874617	0.9255794221049043	0.9256731450555693	0.9293268336322761	0.9335009915977235	0.933472904988475	0.9294052026001629	0.896566853038145	0.8912919327400157	0.8987522907602585	0.925306567191595
cg24796422	0.2724305754732352	0.9302562850151773	0.931584918172646	0.926631918640797	0.9304957254391593	0.9322678965066662	0.936332237226396	0.9259739425242437	0.9117843077823533	0.8706197984649228	0.9016430535246308	0.924362788287541
cg24800373	0.9265192709018976	0.29015310695125635	0.9105803894089818	0.9130494777219472	0.9299950417937977	0.9252746009998605	0.9311035394354483	0.9265277494919639	0.9459234501843173	0.9347875254573964	0.937801927185726	0.9125854938350303
cg24818060	0.93146290788522	0.9311998191350099	0.9337027161132875	0.9314336720772183	0.9334750413579297	0.9352407038202828	0.9360413314902492	0.22517042869141324	0.9088515257792618	0.9138002319021163	0.8411098667822604	0.9285338163959409
cg24898812	0.851174263342317	0.778286360707943	0.8430169718934045	0.824860841744808	0.8574232099393992	0.5431061172471933	0.8604898388048847	0.8540826840856395	0.8886578349965135	0.8138239937510147	0.8817728776270696	0.8308803493917126
cg24998002	0.8899240342914975	0.8717336904039077	0.8978127498396588	0.7289757505886403	0.806264062821026	0.8841546891933098	0.8239133333908892	0.8652279541409	0.9316681457836875	0.9053384405207062	0.9074446552290715	0.3494317839527897
cg25099065	0.8763011005278228	0.8709945356011382	0.13815296564653679	0.8916360496982327	0.8889617449723091	0.9009856472952185	0.8972460793563188	0.8863165547101677	0.9123425129629901	0.9223844059166881	0.9057070417766856	0.8876465706652966
cg25235205	0.8598369566703621	0.7748715735178221	0.8619371849960282	0.672975884372808	0.5559274868166204	0.48592291953459826	0.20265327101415317	0.8504823359144552	0.8702243026726291	0.848248014125254	0.8469518028913924	0.6674880767104877
cg25269402	0.33108841103448633	0.9389641414209081	0.938634463921718	0.9344647649510855	0.9409128134372692	0.93901636897787	0.9457752635036686	0.9288115911528665	0.9229223891624572	0.8881504345058445	0.9063482657262344	0.9375109638513996
cg25271915	0.8809088379466782	0.6937032352430013	0.1016098581699217	0.920607766301868	0.9204289904019951	0.9273871503502882	0.924224218159306	0.905383695626756	0.9392617910416715	0.9357377073950717	0.9357308075098816	0.9186871284812187
cg25293601	0.9090279193882932	0.9113973875841909	0.9143606753869773	0.9183201039400267	0.9211388550211839	0.9256448043844863	0.9266568772434667	0.228933649726339	0.8456862122575007	0.9294079358431633	0.785748316733077	0.9188355314002212
cg25340205	0.28255676021831433	0.9365249085816085	0.935582675956721	0.9399091010309875	0.9390944747993686	0.9452256458310719	0.9457211222495371	0.9267459887209866	0.9129140635204578	0.9044760380890813	0.9188009397071291	0.9359845058053526
cg25386954	0.8685445623984216	0.8509807946662403	0.8827300417587878	0.8663345866696187	0.879769584184545	0.8472665577399218	0.8873415064868151	0.8672003387834726	0.9020511284585464	0.22980797457617358	0.8920891193592496	0.8738041592326716
cg25422758	0.4244655447885712	0.9326458687120075	0.939739873738199	0.9281738567786717	0.9376695122963652	0.9353265050729185	0.9403304871780129	0.938257867699564	0.9184876912764929	0.8908561596187832	0.9290297411370511	0.9320817095985383
cg25437005	0.9031974009473013	0.8903464931517536	0.8959804111435695	0.374222019833776	0.860060564187085	0.7540847899956807	0.8648360538731295	0.8962620885768106	0.9275691301988093	0.895046338053923	0.9172042458575497	0.827485661178684
cg25448766	0.8434675954107158	0.8165792839251725	0.8509353972104295	0.8422464073535347	0.8624422097252997	0.8413727490131455	0.49336060821015126	0.8553736203613053	0.872221398188962	0.8802705881948011	0.8528405995566667	0.8296198470428751
cg25576801	0.8723284601477116	0.8513112231629529	0.8975872090718485	0.8007022481572457	0.9045895779044096	0.8254465353182058	0.8928053492223433	0.8703175683017135	0.9058475643383218	0.8723442857767664	0.13828067448214656	0.8171489761481907
cg25600606	0.9105418216978731	0.9184365828378825	0.9161160624792555	0.910493678089555	0.9150821452270156	0.9183682285114745	0.9178439734365181	0.8721862196501068	0.9126357062489018	0.9352299290733965	0.16352092575764537	0.9105741395700103
cg25605180	0.8255192481479438	0.6753713595559492	0.13600153985570063	0.8518727596364545	0.8555929245549214	0.8678698533139542	0.8680885577385572	0.7324686173744765	0.8217702249318459	0.8041302030535157	0.8189238541263762	0.8652515469592826
cg25605773	0.8715529621899574	0.8684322460509101	0.8766875924082773	0.8538802596485335	0.8800585611232528	0.859694514232715	0.8873340627110867	0.8830479225726288	0.1743299494767322	0.8804160187612293	0.8951739587380874	0.861771237851945
cg25735823	0.8657812754956443	0.6033532505227351	0.18615845643997775	0.8798184265095628	0.887334375370315	0.8778736149615942	0.8842975903195006	0.772131020829866	0.8328569138696831	0.8762131750364842	0.7118473423561117	0.8820612556909667
cg25757820	0.8932893202992039	0.8884105890847708	0.8892432352567285	0.885368738350479	0.8854871334409662	0.898292600554253	0.8951074717969869	0.8797560600288643	0.8023928377410742	0.9170824029851117	0.19772864226079276	0.8854391408654777
cg25788647	0.9196744208581905	0.2314718809289802	0.883760894151203	0.9030107816366679	0.9207422248263789	0.9038913127138102	0.9245931599975952	0.9215881709819544	0.9394518372064641	0.9167271826598539	0.928547345270499	0.9064113685587517
cg25790531	0.8837169974681983	0.8765693878148807	0.8774071558621475	0.8787719009789408	0.8876741762709834	0.8895916411057829	0.8927942028520738	0.8757877381887452	0.8959586211387515	0.8949244800557677	0.2459179217019836	0.875108306727954
cg25844471	0.9061959052667637	0.8723406192923265	0.89674054559338	0.8568043803132095	0.9021464355060719	0.8969233437116593	0.9087071931537306	0.9054456885319545	0.9240426043260289	0.9293627839170668	0.9252318953924239	0.5136783503919943
cg25904998	0.9018924170006142	0.7503015660474253	0.22759903284903973	0.868971386799142	0.9082414222141224	0.7859101327923406	0.9074554234776379	0.9059762853677078	0.911282897042635	0.9103247017561429	0.9019441483695597	0.837735631691995
cg25918166	0.8885173816288264	0.7193081272344135	0.8854909468976475	0.7121693083883087	0.8915566625359055	0.27682223593810923	0.8809440883823086	0.8941519875694105	0.9263384124919345	0.8580456671392644	0.9216884714138445	0.7666281840929754
cg26058722	0.9120694197789416	0.23106177770465366	0.8637329713638919	0.8814239336665091	0.9170893160443898	0.8858366282191685	0.9161159603433063	0.9081443600166792	0.902411980559947	0.8967569789643386	0.8957378077050299	0.8878221360567498
cg26129027	0.7960347283817047	0.7775407608843996	0.7271269519472398	0.5039232544195338	0.7082580172477658	0.7919459732743426	0.7955463006089077	0.7810476673986763	0.772365174597133	0.8759813569481117	0.7578491636604251	0.8151102741990327
cg26156120	0.8974339762919762	0.9086845484570271	0.9103416515905778	0.9147736836600248	0.9164695851523204	0.9202258137595157	0.9204188860822023	0.356424473694065	0.8653729223117065	0.9215897652908314	0.8505600221788949	0.9076126725529017
cg26201751	0.8908240256352391	0.8752453295787261	0.886725413742801	0.882203756162733	0.8900945065965289	0.8889189989846018	0.8952966282862429	0.8961678524325125	0.1704693163539224	0.911144224152363	0.9227599780314445	0.8702650584935033
cg26264767	0.916265626869604	0.7464853188071672	0.10301265637876153	0.9061116403766315	0.9130304298923393	0.9148078777155565	0.9150938415227902	0.9198349352465816	0.9379444192278359	0.9119651194028467	0.9326070274668313	0.9077111481592263
cg26275360	0.880124040448287	0.810833054990899	0.8798443073434578	0.8411353094486893	0.8872049353292362	0.8118023170724925	0.8888878191483005	0.889765668520992	0.9221388196951937	0.16258919828433255	0.9212832476431402	0.8680835925508207
cg26304744	0.8946371274959418	0.9240075103804153	0.9181008743057657	0.5669129814556253	0.9027837762838224	0.8773239404391535	0.9176349567043228	0.9236855972689845	0.9301576376486774	0.9284928448669602	0.9110207226321315	0.8780842596688236
cg26330304	0.8991182853598868	0.7388535488730005	0.24781948521434577	0.88231336359393	0.8590889561257024	0.9019498857295533	0.8142253578269519	0.7619757616621218	0.9278059759195599	0.7878884342113239	0.8888107088463536	0.8952584210006966
cg26396370	0.8678735619162755	0.8817292074066704	0.8910187331699813	0.8895587782656788	0.8847268487264313	0.896702539392595	0.8835305840487887	0.8416966824862218	0.8364443490108159	0.9026792666408021	0.19455314899183732	0.8918075303381823
cg26429965	0.8909622778378513	0.7323099466281677	0.8911491556934745	0.6458551258059635	0.8954912207709789	0.37474022774779525	0.8828614635477136	0.8838081005275705	0.9232900010047485	0.7906168501361397	0.9043006069058116	0.8133571780707589
cg26451108	0.8755797079233724	0.8734203643673438	0.885243612696892	0.8031639967260052	0.8866639264738169	0.8666150160238812	0.8924816020916942	0.8964194453191363	0.9155824609633353	0.853800886777148	0.8987556622113612	0.4687429321279207
cg26510178	0.9623299873699566	0.203122139949138	0.9134510847123625	0.9535938227464807	0.955671271519004	0.941830483768918	0.951844509783961	0.9626006327998715	0.9686189453189193	0.9474619289747276	0.9553843964105608	0.9354118449701027
cg26673070	0.2774963140446403	0.935003816228118	0.9473347016088788	0.938967325882839	0.9463887429140397	0.9509764394568145	0.9513236378925658	0.8938188405477405	0.9202230601170897	0.9102450035402988	0.9119995931454051	0.9456479078543043
cg26676273	0.8451938179985615	0.6904754233303206	0.1609188245395085	0.8313815652617735	0.8525762419852073	0.843908191148811	0.8633426901120407	0.8617131693510427	0.8782137233879337	0.8661138929151289	0.8662368544793582	0.8270004725293066
cg26676468	0.32829995698580666	0.9792990863254339	0.9796453758392888	0.9760025264649952	0.9769686106003475	0.9757091977331398	0.9774672613773137	0.9726434900295665	0.9531061495581533	0.9385489129407146	0.9474945690282782	0.9722784219324437
cg26687322	0.8841247713399122	0.1915194269619875	0.8124630178445625	0.8414954046209667	0.9011373763596039	0.8586551098844922	0.9029412333020777	0.9006381815796027	0.8616079736941238	0.8883068140457482	0.8928892736907427	0.869801613498184
cg26789411	0.9088082944972663	0.8585729926906476	0.9069676291725702	0.8741012168912108	0.9065464931625863	0.8854764536923803	0.9103468224659063	0.9100900405162763	0.9279596054479875	0.9141284990445417	0.2619677337715907	0.867279156377912
cg26796793	0.9705399969048241	0.9715525358917817	0.9707669556656593	0.965783541265447	0.9618090270362195	0.871630898223503	0.4963171630345256	0.974126663980306	0.9792038046009485	0.9786800902692097	0.9755336946432825	0.9649034218724917
cg26849760	0.8942668169545444	0.8836451543091636	0.9017246781779082	0.8781027624983935	0.8967558273186785	0.8725930148109342	0.9008649027987058	0.8909508753068147	0.8504089631088871	0.9207699694852355	0.13576760898130927	0.8804972620044783
cg26872907	0.9266063346563188	0.9323160933391693	0.929266358736341	0.9361092901596463	0.9036878162702038	0.9281047795411586	0.9233563386252028	0.9354376279364327	0.062412582508475895	0.9596468653903838	0.9505391817791241	0.9207104299321681
cg26950756	0.9278360566764455	0.8216575578403237	0.927004910759768	0.6405275530883315	0.9242438165302571	0.7917185922729445	0.9267966513749777	0.9314658973608467	0.9506424124926931	0.9316129451081159	0.9451860932449754	0.8383707285919234
cg26960322	0.8846841484927945	0.1713206751553825	0.86175486180187	0.8767576361584855	0.8965595905863012	0.8790280713680287	0.8984423934459003	0.8661424275158315	0.9048251584173586	0.8675635630760029	0.9146253702559227	0.8630004238644261
cg26979142	0.8947219041412163	0.909309561795291	0.9177792926097053	0.9037338096073817	0.910471430776836	0.9082816536902665	0.9174343682404172	0.7646637259374129	0.8523550136908746	0.9184391125741309	0.17067392412474633	0.9029560280767283
cg27025274	0.9032275393509678	0.8771360354035606	0.8963929004841156	0.7424481133057538	0.8919435658710302	0.8860540723025062	0.9083842060219579	0.8909040873371272	0.920319555982783	0.9149373781887743	0.9218271342060443	0.8545512512396063
cg27040968	0.888676923198037	0.8308446634969241	0.8699799991927623	0.8575661341130527	0.8839533738262094	0.8705506720335785	0.8793513577243248	0.9035065094721962	0.9062070131438115	0.23408095368726717	0.902520537495163	0.8631165685996494
cg27168830	0.9345724513932635	0.16310173425747418	0.864530950319747	0.8989161938775058	0.9328473381003144	0.9272719747958008	0.9347832197510805	0.9364671683508	0.9498488400833999	0.9399356712761833	0.9448388923640794	0.9240866532196312
cg27180005	0.8843773282246415	0.8410511901107651	0.3650241988487865	0.8790553744777423	0.8794751873806564	0.8883543097690569	0.8875417905992989	0.8950045955921557	0.9071118971955993	0.9012502902407334	0.9018275325249361	0.8804440514998549
cg27195778	0.9127294885703775	0.296104159011826	0.8894895850968738	0.91498844881505	0.9149476062949251	0.9191515082844102	0.919692587031139	0.9170951695253597	0.9192382078381677	0.9133593684995063	0.9247657814272796	0.912330493226889
cg27274718	0.8922476724454067	0.8946331977713342	0.8953606320597828	0.8911698963329571	0.8941781452625314	0.8930102791768988	0.902584791696869	0.8966417499578689	0.9245128171434825	0.1807340806692376	0.9159178906650971	0.8952163808746869
cg27298253	0.7673454122612413	0.8152938019965683	0.9017463447094665	0.7247182588485365	0.8838308743509167	0.3745736990772125	0.8109555571226046	0.8669570799793305	0.8803050233014542	0.7067040607070825	0.8857331722621457	0.7518719944391723
cg27340845	0.9163904346676773	0.9103647951872073	0.913000951149713	0.8293146407164038	0.9159945080360258	0.8553615604533593	0.9184848855077714	0.9206841418515375	0.942697446869775	0.9281887165731403	0.9378389251688564	0.42479651046216205
cg27359629	0.8656046159780231	0.8292362275263722	0.8718154409250585	0.22223805248971926	0.7668352567950985	0.686800674428484	0.6737074664758782	0.8774923185104271	0.8946424297053571	0.8391161804433294	0.8975860494844756	0.6183687304335197
cg27393431	0.9120929357913585	0.8878239478582078	0.9071040431433662	0.9050278028949668	0.9123726906777033	0.9137586665297734	0.9182447856595347	0.9066516986321864	0.9288097042675397	0.931109064515294	0.38286584916240773	0.9098224150789886
cg27436324	0.9148808289430365	0.763786109748121	0.1917602509900565	0.9095381228983728	0.9121338677594253	0.9166749469624871	0.9174422283489772	0.9186095591123342	0.9337696598584525	0.9237859516515645	0.92919159118481	0.9115428432105329
cg27495654	0.8769061767912792	0.8841625753148444	0.89213424526817	0.867872656981484	0.8803106151322068	0.8239040474072508	0.88654740376333	0.8906097778126658	0.9130940373756121	0.22390877076366195	0.9069286407820619	0.8796863970705903
cg27546582	0.9124374797059708	0.3728242212699173	0.9018446855647886	0.9101824853737155	0.9133980970321437	0.920191049568402	0.9163098506304287	0.9157489498314838	0.9226512607759492	0.9166982196628239	0.9261990887664191	0.908262777805398
cg27572854	0.8649494190952072	0.837192040656278	0.8555985107359922	0.5505163627415425	0.8403930266096118	0.7979979749149433	0.8711493119804509	0.8701953509353715	0.8862958191428006	0.8837940424370163	0.879925440135858	0.829654067380324
cg27646850	0.8959038306950277	0.9039687467823071	0.913282204648569	0.9013044300947263	0.9084609591289119	0.9017061840546853	0.9105500209178586	0.8957554946349795	0.7747039971648277	0.9149296484045987	0.16628969774167002	0.9036404990301069
